Qualidade do Produto;Tempo de Entrega;Qualidade da Loja;Comentário do Cliente;Nome da Loja;Nicho;Cidade
5.0;5.0;5.0;Sem comentário;Companhia da Pizza;Pizzaria;Cametá
5.0;5.0;5.0;Sem comentário;Companhia da Pizza;Pizzaria;Cametá
5.0;5.0;5.0;Sem comentário;Companhia da Pizza;Pizzaria;Cametá
5.0;5.0;5.0;Sem comentário;Companhia da Pizza;Pizzaria;Cametá
5.0;5.0;5.0;Sem comentário;Companhia da Pizza;Pizzaria;Cametá
5.0;5.0;5.0;Sem comentário;Companhia da Pizza;Pizzaria;Cametá
5.0;5.0;5.0;Sem comentário;Companhia da Pizza;Pizzaria;Cametá
5.0;5.0;5.0;Sem comentário;Companhia da Pizza;Pizzaria;Cametá
5.0;5.0;5.0;Sem comentário;Companhia da Pizza;Pizzaria;Cametá
5.0;5.0;5.0;Sem comentário;Companhia da Pizza;Pizzaria;Cametá
5.0;5.0;5.0;Sem comentário;Companhia da Pizza;Pizzaria;Cametá
5.0;5.0;5.0;excelente a pizza ❤;Companhia da Pizza;Pizzaria;Cametá
4.0;5.0;1.0;Sem comentário;Companhia da Pizza;Pizzaria;Cametá
5.0;5.0;5.0;Sem comentário;Companhia da Pizza;Pizzaria;Cametá
5.0;5.0;5.0;ótima pizza, sabores e massa maravilhosos;Companhia da Pizza;Pizzaria;Cametá
5.0;5.0;5.0;Sem comentário;Companhia da Pizza;Pizzaria;Cametá
5.0;5.0;5.0;Sem comentário;Companhia da Pizza;Pizzaria;Cametá
5.0;1.0;5.0;olha a pizza estava uma delícia! mas chegou muito fria tivemos q requentar  poderia vim mas quente. sei q pode ter acontecido alguma coisa. espero q não se repita.;Companhia da Pizza;Pizzaria;Cametá
5.0;5.0;5.0;Sem comentário;Companhia da Pizza;Pizzaria;Cametá
5.0;5.0;5.0;Sem comentário;Companhia da Pizza;Pizzaria;Cametá
5.0;5.0;5.0;Sem comentário;Companhia da Pizza;Pizzaria;Cametá
3.0;3.0;3.0;Sem comentário;Companhia da Pizza;Pizzaria;Cametá
3.0;3.0;3.0;Sem comentário;Companhia da Pizza;Pizzaria;Cametá
5.0;5.0;5.0;Sem comentário;Companhia da Pizza;Pizzaria;Cametá
5.0;5.0;5.0;Sem comentário;Companhia da Pizza;Pizzaria;Cametá
5.0;5.0;5.0;Sem comentário;Companhia da Pizza;Pizzaria;Cametá
1.0;1.0;1.0;Sem comentário;Companhia da Pizza;Pizzaria;Cametá
5.0;5.0;5.0;Sem comentário;Companhia da Pizza;Pizzaria;Cametá
5.0;1.0;1.0;Sem comentário;Companhia da Pizza;Pizzaria;Cametá
5.0;5.0;5.0;Sem comentário;Companhia da Pizza;Pizzaria;Cametá
5.0;5.0;5.0;Sem comentário;Companhia da Pizza;Pizzaria;Cametá
5.0;4.0;5.0;Sem comentário;Companhia da Pizza;Pizzaria;Cametá
5.0;3.0;4.0;Sem comentário;Companhia da Pizza;Pizzaria;Cametá
5.0;5.0;5.0;Sem comentário;Companhia da Pizza;Pizzaria;Cametá
5.0;5.0;5.0;Sem comentário;Companhia da Pizza;Pizzaria;Cametá
5.0;5.0;5.0;Sem comentário;Companhia da Pizza;Pizzaria;Cametá
5.0;5.0;5.0;pizza boa demais😍;Companhia da Pizza;Pizzaria;Cametá
3.0;5.0;2.0;Sem comentário;Companhia da Pizza;Pizzaria;Cametá
5.0;5.0;5.0;Sem comentário;Companhia da Pizza;Pizzaria;Cametá
5.0;5.0;5.0;Sem comentário;Companhia da Pizza;Pizzaria;Cametá
5.0;5.0;5.0;Sem comentário;Companhia da Pizza;Pizzaria;Cametá
5.0;5.0;5.0;Sem comentário;Companhia da Pizza;Pizzaria;Cametá
4.0;4.0;4.0;Sem comentário;Companhia da Pizza;Pizzaria;Cametá
5.0;5.0;5.0;Sem comentário;Companhia da Pizza;Pizzaria;Cametá
5.0;5.0;5.0;Sem comentário;Companhia da Pizza;Pizzaria;Cametá
5.0;5.0;5.0;Sem comentário;Companhia da Pizza;Pizzaria;Cametá
5.0;5.0;5.0;Sem comentário;Companhia da Pizza;Pizzaria;Cametá
5.0;5.0;5.0;Sem comentário;Companhia da Pizza;Pizzaria;Cametá
5.0;5.0;5.0;Sem comentário;Companhia da Pizza;Pizzaria;Cametá
5.0;5.0;5.0;Sem comentário;Companhia da Pizza;Pizzaria;Cametá
5.0;5.0;5.0;maravilhosa!;Companhia da Pizza;Pizzaria;Cametá
3.0;1.0;1.0;demorou muito a entrega;Companhia da Pizza;Pizzaria;Cametá
5.0;5.0;5.0;Entregadora muito educada;Companhia da Pizza;Pizzaria;Cametá
5.0;4.0;4.0;Sem comentário;Companhia da Pizza;Pizzaria;Cametá
5.0;5.0;5.0;Sem comentário;Companhia da Pizza;Pizzaria;Cametá
5.0;5.0;5.0;Sem comentário;Companhia da Pizza;Pizzaria;Cametá
5.0;5.0;5.0;Sem comentário;Companhia da Pizza;Pizzaria;Cametá
5.0;5.0;5.0;Sem comentário;Companhia da Pizza;Pizzaria;Cametá
5.0;5.0;5.0;Sem comentário;Companhia da Pizza;Pizzaria;Cametá
5.0;5.0;5.0;Sem comentário;Companhia da Pizza;Pizzaria;Cametá
5.0;5.0;5.0;Sem comentário;Companhia da Pizza;Pizzaria;Cametá
5.0;5.0;5.0;Sem comentário;Companhia da Pizza;Pizzaria;Cametá
3.0;1.0;3.0;Podiam trabalhar com o tempo de previsão, sem isso o cliente fica sem saber qual horas vai comer, criança e adolescente reclamam.;Companhia da Pizza;Pizzaria;Cametá
5.0;5.0;5.0;Sem comentário;Companhia da Pizza;Pizzaria;Cametá
5.0;5.0;5.0;Sem comentário;Companhia da Pizza;Pizzaria;Cametá
5.0;5.0;5.0;ótima pizza e entrega muito rápida;Companhia da Pizza;Pizzaria;Cametá
5.0;5.0;5.0;Sem comentário;Companhia da Pizza;Pizzaria;Cametá
5.0;5.0;5.0;Sem comentário;Companhia da Pizza;Pizzaria;Cametá
5.0;5.0;5.0;Sem comentário;Companhia da Pizza;Pizzaria;Cametá
5.0;5.0;5.0;pizza deliciosa!;Companhia da Pizza;Pizzaria;Cametá
5.0;5.0;5.0;Sem comentário;Companhia da Pizza;Pizzaria;Cametá
5.0;5.0;5.0;Sem comentário;Companhia da Pizza;Pizzaria;Cametá
5.0;5.0;5.0;Sem comentário;Companhia da Pizza;Pizzaria;Cametá
5.0;5.0;5.0;Atendimento invejável!;Companhia da Pizza;Pizzaria;Cametá
5.0;2.0;5.0;O produto é excelente, a loja impecável. Porém deixa muito a desejar na entrega, tem que rever o tempo, nas vezes que pedir via delivery tive que aguardar quase duas horas pra receber o pedido. Iria dar uma estrela na entrega porém o entregador é um rapaz humilde humilde educado, por isso aumentei para duas.;Companhia da Pizza;Pizzaria;Cametá
5.0;5.0;5.0;Sem comentário;Companhia da Pizza;Pizzaria;Cametá
5.0;5.0;5.0;Sem comentário;Companhia da Pizza;Pizzaria;Cametá
1.0;1.0;1.0;Sem comentário;Companhia da Pizza;Pizzaria;Cametá
1.0;1.0;5.0;Sem comentário;Companhia da Pizza;Pizzaria;Cametá
5.0;5.0;5.0;Sem comentário;Companhia da Pizza;Pizzaria;Cametá
1.0;5.0;3.0;Sem comentário;Companhia da Pizza;Pizzaria;Cametá
5.0;5.0;5.0;Sem comentário;Companhia da Pizza;Pizzaria;Cametá
5.0;5.0;5.0;Sem comentário;Companhia da Pizza;Pizzaria;Cametá
5.0;5.0;5.0;Sem comentário;Companhia da Pizza;Pizzaria;Cametá
5.0;5.0;5.0;Sem comentário;Companhia da Pizza;Pizzaria;Cametá
5.0;5.0;5.0;Sem comentário;Companhia da Pizza;Pizzaria;Cametá
5.0;5.0;5.0;Sem comentário;Companhia da Pizza;Pizzaria;Cametá
5.0;5.0;5.0;Sem comentário;Companhia da Pizza;Pizzaria;Cametá
5.0;5.0;5.0;Sem comentário;Companhia da Pizza;Pizzaria;Cametá
5.0;5.0;5.0;Sem comentário;Companhia da Pizza;Pizzaria;Cametá
1.0;1.0;5.0;Sem comentário;Companhia da Pizza;Pizzaria;Cametá
5.0;5.0;5.0;Sem comentário;Companhia da Pizza;Pizzaria;Cametá
5.0;5.0;5.0;Sem comentário;Companhia da Pizza;Pizzaria;Cametá
5.0;5.0;5.0;Sem comentário;Companhia da Pizza;Pizzaria;Cametá
5.0;4.0;5.0;Muito bom!;Companhia da Pizza;Pizzaria;Cametá
5.0;5.0;5.0;Sem comentário;Caju do Vovô;Sucos Naturais;Cametá
5.0;5.0;5.0;Sem comentário;Assados Bom Gosto;Restaurante;Cametá
5.0;5.0;5.0;Sem comentário;Assados Bom Gosto;Restaurante;Cametá
5.0;5.0;5.0;Sem comentário;Assados Bom Gosto;Restaurante;Cametá
5.0;5.0;5.0;Sem comentário;Assados Bom Gosto;Restaurante;Cametá
5.0;5.0;5.0;Sem comentário;Assados Bom Gosto;Restaurante;Cametá
5.0;5.0;5.0;Sem comentário;Assados Bom Gosto;Restaurante;Cametá
5.0;4.0;5.0;Sem comentário;Assados Bom Gosto;Restaurante;Cametá
5.0;5.0;5.0;Sem comentário;Loukitos Doces e Salgados;Salgados;Cametá
5.0;5.0;5.0;ótimos salgados;Loukitos Doces e Salgados;Salgados;Cametá
5.0;5.0;5.0;entregar excelente e sabor dos salgadinhos muito delicioso.;Loukitos Doces e Salgados;Salgados;Cametá
5.0;5.0;5.0;Sem comentário;Loukitos Doces e Salgados;Salgados;Cametá
5.0;5.0;5.0;Sem comentário;Loukitos Doces e Salgados;Salgados;Cametá
5.0;5.0;5.0;Sem comentário;Loukitos Doces e Salgados;Salgados;Cametá
5.0;5.0;5.0;Sem comentário;Loukitos Doces e Salgados;Salgados;Cametá
5.0;5.0;5.0;Sem comentário;Loukitos Doces e Salgados;Salgados;Cametá
5.0;5.0;5.0;Sem comentário;Loukitos Doces e Salgados;Salgados;Cametá
4.0;1.0;2.0;Sem comentário;Loukitos Doces e Salgados;Salgados;Cametá
2.0;2.0;5.0;Sem comentário;Loukitos Doces e Salgados;Salgados;Cametá
5.0;5.0;5.0;Sem comentário;Loukitos Doces e Salgados;Salgados;Cametá
5.0;5.0;5.0;Sem comentário;Loukitos Doces e Salgados;Salgados;Cametá
5.0;5.0;5.0;Sem comentário;Loukitos Doces e Salgados;Salgados;Cametá
5.0;5.0;5.0;Sem comentário;Loukitos Doces e Salgados;Salgados;Cametá
4.0;4.0;4.0;Sem comentário;Loukitos Doces e Salgados;Salgados;Cametá
4.0;4.0;5.0;Sem comentário;Loukitos Doces e Salgados;Salgados;Cametá
5.0;5.0;5.0;Sem comentário;Loukitos Doces e Salgados;Salgados;Cametá
5.0;5.0;5.0;Sem comentário;Loukitos Doces e Salgados;Salgados;Cametá
5.0;5.0;5.0;Sem comentário;Loukitos Doces e Salgados;Salgados;Cametá
5.0;5.0;5.0;Sem comentário;Loukitos Doces e Salgados;Salgados;Cametá
4.0;5.0;5.0;Sem comentário;Loukitos Doces e Salgados;Salgados;Cametá
3.0;3.0;3.0;Sem comentário;Loukitos Doces e Salgados;Salgados;Cametá
5.0;5.0;5.0;Sem comentário;Loukitos Doces e Salgados;Salgados;Cametá
5.0;5.0;5.0;Sem comentário;Loukitos Doces e Salgados;Salgados;Cametá
5.0;5.0;5.0;Sem comentário;Loukitos Doces e Salgados;Salgados;Cametá
1.0;1.0;1.0;Sem comentário;Loukitos Doces e Salgados;Salgados;Cametá
5.0;5.0;5.0;Sem comentário;Loukitos Doces e Salgados;Salgados;Cametá
5.0;5.0;5.0;muito bom, obrigada 😃;Loukitos Doces e Salgados;Salgados;Cametá
1.0;2.0;1.0;As cozinhas estavam estragadas;Loukitos Doces e Salgados;Salgados;Cametá
1.0;1.0;1.0;Sem comentário;Loukitos Doces e Salgados;Salgados;Cametá
5.0;2.0;5.0;Sem comentário;Loukitos Doces e Salgados;Salgados;Cametá
5.0;5.0;5.0;Sem comentário;Loukitos Doces e Salgados;Salgados;Cametá
5.0;5.0;5.0;Sem comentário;D Chapa;Restaurante;Cametá
5.0;5.0;5.0;Entrega super rápida!;D Chapa;Restaurante;Cametá
5.0;5.0;5.0;Sem comentário;D Chapa;Restaurante;Cametá
5.0;5.0;5.0;Sem comentário;D Chapa;Restaurante;Cametá
5.0;5.0;5.0;ótimo atendimento super recomendo!;Imperial Delivery da Cerveja;Bebidas;Cametá
5.0;5.0;5.0;Sem comentário;Imperial Delivery da Cerveja;Bebidas;Cametá
5.0;5.0;5.0;Sem comentário;Imperial Delivery da Cerveja;Bebidas;Cametá
5.0;5.0;5.0;Sem comentário;Brejas Express;Bebidas;Cametá
5.0;5.0;5.0;Sem comentário;Brejas Express;Bebidas;Cametá
5.0;5.0;5.0;Sem comentário;Brejas Express;Bebidas;Cametá
5.0;5.0;5.0;Sem comentário;Brejas Express;Bebidas;Cametá
5.0;5.0;5.0;Sem comentário;Brejas Express;Bebidas;Cametá
5.0;5.0;5.0;Sem comentário;Brejas Express;Bebidas;Cametá
5.0;5.0;5.0;Sem comentário;Brejas Express;Bebidas;Cametá
5.0;5.0;5.0;Sem comentário;Brejas Express;Bebidas;Cametá
5.0;5.0;5.0;Sem comentário;Brejas Express;Bebidas;Cametá
4.0;1.0;1.0;Sem comentário;Brejas Express;Bebidas;Cametá
1.0;1.0;1.0;cobra taxa indevida no uso da maquinha, sem prévio aviso;Brejas Express;Bebidas;Cametá
5.0;5.0;5.0;Sem comentário;Brejas Express;Bebidas;Cametá
5.0;5.0;5.0;Sem comentário;Brejas Express;Bebidas;Cametá
5.0;5.0;5.0;Sem comentário;Brejas Express;Bebidas;Cametá
5.0;5.0;5.0;Sem comentário;Brejas Express;Bebidas;Cametá
5.0;5.0;5.0;Sem comentário;Brejas Express;Bebidas;Cametá
5.0;5.0;5.0;Sem comentário;Brejas Express;Bebidas;Cametá
5.0;5.0;5.0;Sem comentário;Brejas Express;Bebidas;Cametá
5.0;5.0;5.0;Sem comentário;Brejas Express;Bebidas;Cametá
5.0;5.0;5.0;Sem comentário;Brejas Express;Bebidas;Cametá
4.0;4.0;4.0;Sem comentário;Brejas Express;Bebidas;Cametá
4.0;4.0;4.0;Sem comentário;Brejas Express;Bebidas;Cametá
4.0;4.0;4.0;Sem comentário;Brejas Express;Bebidas;Cametá
3.0;3.0;3.0;Sem comentário;Brejas Express;Bebidas;Cametá
5.0;5.0;5.0;Sem comentário;Brejas Express;Bebidas;Cametá
5.0;5.0;5.0;Sem comentário;Brejas Express;Bebidas;Cametá
5.0;5.0;5.0;Sem comentário;Brejas Express;Bebidas;Cametá
5.0;5.0;5.0;Sem comentário;Brejas Express;Bebidas;Cametá
5.0;5.0;5.0;Sem comentário;Brejas Express;Bebidas;Cametá
5.0;5.0;5.0;Sem comentário;Brejas Express;Bebidas;Cametá
5.0;5.0;5.0;Sem comentário;Brejas Express;Bebidas;Cametá
5.0;5.0;5.0;Sem comentário;Brejas Express;Bebidas;Cametá
5.0;4.0;5.0;Sem comentário;Brejas Express;Bebidas;Cametá
5.0;4.0;5.0;Sem comentário;Brejas Express;Bebidas;Cametá
5.0;5.0;5.0;Excelente pizzaria.;Pizzaria e Sorveteria Zero Grau;Pizzaria;Cametá
5.0;5.0;5.0;Sem comentário;Pizzaria e Sorveteria Zero Grau;Pizzaria;Cametá
5.0;5.0;5.0;Sem comentário;Pizzaria e Sorveteria Zero Grau;Pizzaria;Cametá
5.0;5.0;5.0;Sem comentário;Pizzaria e Sorveteria Zero Grau;Pizzaria;Cametá
5.0;5.0;5.0;Sem comentário;Pizzaria e Sorveteria Zero Grau;Pizzaria;Cametá
5.0;5.0;5.0;Sem comentário;Pizzaria e Sorveteria Zero Grau;Pizzaria;Cametá
5.0;5.0;5.0;Sem comentário;Pizzaria e Sorveteria Zero Grau;Pizzaria;Cametá
5.0;5.0;5.0;Sem comentário;Pizzaria e Sorveteria Zero Grau;Pizzaria;Cametá
5.0;5.0;5.0;Sem comentário;Pizzaria e Sorveteria Zero Grau;Pizzaria;Cametá
5.0;5.0;5.0;Sem comentário;Pizzaria e Sorveteria Zero Grau;Pizzaria;Cametá
5.0;5.0;5.0;Sem comentário;Pizzaria e Sorveteria Zero Grau;Pizzaria;Cametá
5.0;5.0;5.0;Sem comentário;Pizzaria e Sorveteria Zero Grau;Pizzaria;Cametá
5.0;5.0;5.0;Sem comentário;Pizzaria e Sorveteria Zero Grau;Pizzaria;Cametá
5.0;5.0;5.0;Sem comentário;Pizzaria e Sorveteria Zero Grau;Pizzaria;Cametá
5.0;5.0;5.0;Sem comentário;Pizzaria e Sorveteria Zero Grau;Pizzaria;Cametá
5.0;5.0;5.0;Sem comentário;Pizzaria e Sorveteria Zero Grau;Pizzaria;Cametá
5.0;5.0;5.0;Sem comentário;Pizzaria e Sorveteria Zero Grau;Pizzaria;Cametá
5.0;5.0;5.0;entrega rápida;Peixe Luxo;Restaurante;Baião
5.0;5.0;5.0;super indico 😉;Peixe Luxo;Restaurante;Baião
5.0;5.0;5.0;Sem comentário;Casa da Pizza;Pizzaria;Cametá
5.0;5.0;5.0;Refrigerante bom 😋😋😋😋😋😋😋😋;Casa da Pizza;Pizzaria;Cametá
5.0;5.0;5.0;Pizza barata e deliciosa!;Casa da Pizza;Pizzaria;Cametá
5.0;5.0;5.0;Sem comentário;Casa da Pizza;Pizzaria;Cametá
5.0;5.0;5.0;Sem comentário;Casa da Pizza;Pizzaria;Cametá
5.0;5.0;5.0;Sem comentário;Casa da Pizza;Pizzaria;Cametá
4.0;3.0;4.0;seria muito bom se tivesse localização em tempo real da entrega.  fora isso, tudo muito bom!;Casa da Pizza;Pizzaria;Cametá
5.0;4.0;5.0;Tava uma delícia.!;Casa da Pizza;Pizzaria;Cametá
4.0;2.0;4.0;Sem comentário;Casa da Pizza;Pizzaria;Cametá
1.0;1.0;1.0;Sem comentário;Casa da Pizza;Pizzaria;Cametá
5.0;5.0;5.0;Sem comentário;Casa da Pizza;Pizzaria;Cametá
5.0;5.0;5.0;Sem comentário;Casa da Pizza;Pizzaria;Cametá
5.0;5.0;5.0;Sem comentário;Casa da Pizza;Pizzaria;Cametá
5.0;5.0;5.0;Sem comentário;Casa da Pizza;Pizzaria;Cametá
5.0;5.0;5.0;Sem comentário;Casa da Pizza;Pizzaria;Cametá
5.0;5.0;5.0;Sem comentário;Casa da Pizza;Pizzaria;Cametá
5.0;5.0;5.0;Sem comentário;Casa da Pizza;Pizzaria;Cametá
5.0;5.0;5.0;Sem comentário;Casa da Pizza;Pizzaria;Cametá
5.0;5.0;5.0;Sem comentário;Casa da Pizza;Pizzaria;Cametá
5.0;1.0;5.0;Sem comentário;Casa da Pizza;Pizzaria;Cametá
5.0;1.0;5.0;Pizza saborosa, massa leve, delícia mesmo, e o preço melhor ainda rsrsrs....;Casa da Pizza;Pizzaria;Cametá
5.0;5.0;5.0;Sem comentário;Casa da Pizza;Pizzaria;Cametá
5.0;5.0;5.0;Sem comentário;Casa da Pizza;Pizzaria;Cametá
5.0;5.0;5.0;ganharam um cliente, eu amei;Casa da Pizza;Pizzaria;Cametá
5.0;5.0;5.0;Sem comentário;Casa da Pizza;Pizzaria;Cametá
5.0;5.0;5.0;Sem comentário;Casa da Pizza;Pizzaria;Cametá
5.0;5.0;5.0;Uma  delícia! Arrasou...obrigada;Casa da Pizza;Pizzaria;Cametá
5.0;5.0;5.0;Sem comentário;Casa da Pizza;Pizzaria;Cametá
5.0;5.0;5.0;Sem comentário;Casa da Pizza;Pizzaria;Cametá
4.0;4.0;5.0;Sem comentário;Casa da Pizza;Pizzaria;Cametá
5.0;4.0;5.0;Sem comentário;Casa da Pizza;Pizzaria;Cametá
5.0;5.0;5.0;Sem comentário;Casa da Pizza;Pizzaria;Cametá
5.0;5.0;5.0;Sem comentário;Casa da Pizza;Pizzaria;Cametá
5.0;4.0;5.0;Sem comentário;Casa da Pizza;Pizzaria;Cametá
5.0;5.0;5.0;Sem comentário;Casa da Pizza;Pizzaria;Cametá
5.0;5.0;5.0;Sem comentário;Casa da Pizza;Pizzaria;Cametá
5.0;5.0;5.0;pizza deliciosa e barata!!;Casa da Pizza;Pizzaria;Cametá
5.0;5.0;1.0;Pizza saborosa;Casa da Pizza;Pizzaria;Cametá
5.0;3.0;5.0;Sem comentário;Casa da Pizza;Pizzaria;Cametá
3.0;1.0;1.0;Sem comentário;Casa da Pizza;Pizzaria;Cametá
5.0;5.0;1.0;Sem comentário;Casa da Pizza;Pizzaria;Cametá
5.0;5.0;5.0;Sem comentário;Casa da Pizza;Pizzaria;Cametá
5.0;5.0;5.0;Sem comentário;Casa da Pizza;Pizzaria;Cametá
5.0;5.0;5.0;Sem comentário;Casa da Pizza;Pizzaria;Cametá
5.0;1.0;5.0;Sem comentário;Casa da Pizza;Pizzaria;Cametá
5.0;5.0;5.0;Sem comentário;Casa da Pizza;Pizzaria;Cametá
5.0;5.0;5.0;Sem comentário;Casa da Pizza;Pizzaria;Cametá
5.0;5.0;5.0;Sem comentário;Casa da Pizza;Pizzaria;Cametá
5.0;5.0;5.0;Sem comentário;Casa da Pizza;Pizzaria;Cametá
3.0;5.0;3.0;Sem comentário;Casa da Pizza;Pizzaria;Cametá
1.0;1.0;1.0;Sem comentário;Casa da Pizza;Pizzaria;Cametá
5.0;5.0;5.0;Sem comentário;Casa da Pizza;Pizzaria;Cametá
4.0;4.0;1.0;demorou para responder, melhore;Guaraná 2 Irmãos;Guaraná;Cametá
3.0;2.0;2.0;Sem comentário;Guaraná 2 Irmãos;Guaraná;Cametá
5.0;5.0;5.0;Sem comentário;Guaraná 2 Irmãos;Guaraná;Cametá
5.0;5.0;5.0;Sem comentário;Guaraná 2 Irmãos;Guaraná;Cametá
5.0;5.0;5.0;Sem comentário;Guaraná 2 Irmãos;Guaraná;Cametá
4.0;4.0;5.0;Sem comentário;Guaraná 2 Irmãos;Guaraná;Cametá
5.0;5.0;5.0;Sem comentário;Guaraná 2 Irmãos;Guaraná;Cametá
5.0;5.0;5.0;Sem comentário;Guaraná 2 Irmãos;Guaraná;Cametá
5.0;5.0;5.0;Sem comentário;Guaraná 2 Irmãos;Guaraná;Cametá
5.0;5.0;5.0;Sem comentário;Guaraná 2 Irmãos;Guaraná;Cametá
5.0;5.0;5.0;Sem comentário;Guaraná 2 Irmãos;Guaraná;Cametá
5.0;5.0;5.0;Sem comentário;Guaraná 2 Irmãos;Guaraná;Cametá
5.0;4.0;5.0;Sem comentário;Guaraná 2 Irmãos;Guaraná;Cametá
5.0;5.0;5.0;Sem comentário;Guaraná 2 Irmãos;Guaraná;Cametá
5.0;5.0;5.0;Sem comentário;Guaraná 2 Irmãos;Guaraná;Cametá
5.0;5.0;5.0;Sem comentário;Guaraná 2 Irmãos;Guaraná;Cametá
5.0;5.0;5.0;Sem comentário;Guaraná 2 Irmãos;Guaraná;Cametá
5.0;5.0;5.0;Sem comentário;Guaraná 2 Irmãos;Guaraná;Cametá
5.0;5.0;5.0;Sem comentário;Guaraná 2 Irmãos;Guaraná;Cametá
5.0;5.0;5.0;Sem comentário;Guaraná 2 Irmãos;Guaraná;Cametá
5.0;5.0;5.0;Sem comentário;Divino Lanche;Lanches;Cametá
5.0;5.0;5.0;Sem comentário;Divino Lanche;Lanches;Cametá
5.0;5.0;5.0;Sem comentário;Divino Lanche;Lanches;Cametá
5.0;5.0;5.0;Sem comentário;Divino Lanche;Lanches;Cametá
5.0;5.0;5.0;Sem comentário;Divino Lanche;Lanches;Cametá
4.0;5.0;5.0;Sem comentário;Divino Lanche;Lanches;Cametá
5.0;5.0;5.0;Sem comentário;Divino Lanche;Lanches;Cametá
5.0;1.0;5.0;Sem comentário;Divino Lanche;Lanches;Cametá
5.0;5.0;5.0;Sem comentário;Divino Lanche;Lanches;Cametá
5.0;5.0;5.0;Sem comentário;Divino Lanche;Lanches;Cametá
5.0;5.0;5.0;Sem comentário;Divino Lanche;Lanches;Cametá
5.0;5.0;5.0;Sem comentário;Divino Lanche;Lanches;Cametá
4.0;4.0;5.0;Sem comentário;Divino Lanche;Lanches;Cametá
5.0;5.0;5.0;Sem comentário;Divino Lanche;Lanches;Cametá
5.0;5.0;5.0;Sem comentário;Divino Lanche;Lanches;Cametá
5.0;5.0;5.0;Excelente.;Divino Lanche;Lanches;Cametá
5.0;5.0;5.0;Sem comentário;Divino Lanche;Lanches;Cametá
5.0;4.0;5.0;Sem comentário;Divino Lanche;Lanches;Cametá
5.0;5.0;5.0;Sem comentário;Divino Lanche;Lanches;Cametá
5.0;5.0;5.0;Sem comentário;Divino Lanche;Lanches;Cametá
5.0;5.0;5.0;Sem comentário;Divino Lanche;Lanches;Cametá
5.0;5.0;5.0;Sem comentário;Divino Lanche;Lanches;Cametá
5.0;5.0;5.0;Sem comentário;Divino Lanche;Lanches;Cametá
5.0;5.0;5.0;Sem comentário;Divino Lanche;Lanches;Cametá
5.0;5.0;5.0;Sem comentário;Divino Lanche;Lanches;Cametá
5.0;5.0;5.0;Sem comentário;Divino Lanche;Lanches;Cametá
5.0;5.0;5.0;Sem comentário;Divino Lanche;Lanches;Cametá
5.0;5.0;5.0;Sem comentário;Divino Lanche;Lanches;Cametá
5.0;1.0;3.0;Sem comentário;Divino Lanche;Lanches;Cametá
5.0;5.0;5.0;Sem comentário;Divino Lanche;Lanches;Cametá
5.0;5.0;5.0;Sem comentário;Divino Lanche;Lanches;Cametá
5.0;2.0;5.0;Sem comentário;Divino Lanche;Lanches;Cametá
5.0;5.0;5.0;Sem comentário;Divino Lanche;Lanches;Cametá
5.0;5.0;5.0;Sem comentário;Divino Lanche;Lanches;Cametá
5.0;5.0;5.0;Sem comentário;Divino Lanche;Lanches;Cametá
5.0;5.0;5.0;Sem comentário;Divino Lanche;Lanches;Cametá
5.0;5.0;5.0;Sem comentário;Divino Lanche;Lanches;Cametá
4.0;4.0;4.0;Sem comentário;Divino Lanche;Lanches;Cametá
5.0;4.0;5.0;Sem comentário;Divino Lanche;Lanches;Cametá
5.0;5.0;5.0;Sem comentário;Divino Lanche;Lanches;Cametá
5.0;5.0;5.0;Sem comentário;Divino Lanche;Lanches;Cametá
5.0;5.0;5.0;Sem comentário;Divino Lanche;Lanches;Cametá
5.0;5.0;5.0;Sem comentário;Divino Lanche;Lanches;Cametá
5.0;5.0;5.0;Sem comentário;Distribuidora Gomes;Bebidas;Limoeiro do Ajuru
5.0;5.0;5.0;Sem comentário;Açaí Power;Açaí;Cametá
5.0;5.0;5.0;Entrega super rápida e atendimento de primeira;Açaí Power;Açaí;Cametá
2.0;5.0;5.0;Sem comentário;Açaí Power;Açaí;Cametá
5.0;5.0;5.0;Sem comentário;Açaí Power;Açaí;Cametá
5.0;5.0;5.0;Sem comentário;Açaí Power;Açaí;Cametá
5.0;5.0;5.0;Sem comentário;Açaí Power;Açaí;Cametá
5.0;5.0;5.0;Sem comentário;Açaí Power;Açaí;Cametá
3.0;3.0;3.0;Sem comentário;Açaí Power;Açaí;Cametá
1.0;1.0;1.0;Sem comentário;Açaí Power;Açaí;Cametá
5.0;5.0;5.0;Sem comentário;Restaurante Sabores Delivery;Restaurante;Cametá
5.0;5.0;5.0;Sem comentário;Restaurante Sabores Delivery;Restaurante;Cametá
5.0;5.0;5.0;Sem comentário;Restaurante Sabores Delivery;Restaurante;Cametá
5.0;5.0;5.0;Comida maravilhosa, gostinho de comida caseira ❤️;Restaurante Sabores Delivery;Restaurante;Cametá
5.0;5.0;5.0;Sem comentário;Restaurante Sabores Delivery;Restaurante;Cametá
5.0;5.0;5.0;Sem comentário;Restaurante Sabores Delivery;Restaurante;Cametá
5.0;5.0;5.0;Sem comentário;Restaurante Sabores Delivery;Restaurante;Cametá
5.0;5.0;5.0;Sem comentário;Restaurante Sabores Delivery;Restaurante;Cametá
5.0;5.0;5.0;Sem comentário;Restaurante Sabores Delivery;Restaurante;Cametá
5.0;5.0;5.0;pedido veio com solicitado estava uma delícia.;Restaurante Sabores Delivery;Restaurante;Cametá
5.0;5.0;5.0;Comida deliciosa.  Entrega rápida!;Restaurante Sabores Delivery;Restaurante;Cametá
5.0;5.0;5.0;muito bom!!!;Restaurante Sabores Delivery;Restaurante;Cametá
5.0;5.0;5.0;A entrega é muito rápida e a comida é uma delícia. Cliente fiel❤️;Restaurante Sabores Delivery;Restaurante;Cametá
5.0;5.0;5.0;Sem comentário;Restaurante Sabores Delivery;Restaurante;Cametá
5.0;5.0;5.0;Comida perfeita;Restaurante Sabores Delivery;Restaurante;Cametá
5.0;5.0;5.0;entregador é muito rápido;Restaurante Sabores Delivery;Restaurante;Cametá
5.0;5.0;5.0;Sem comentário;Restaurante Sabores Delivery;Restaurante;Cametá
5.0;5.0;5.0;Comida deliciosa;Restaurante Sabores Delivery;Restaurante;Cametá
5.0;5.0;5.0;Melhor comida de Cametá❤;Restaurante Sabores Delivery;Restaurante;Cametá
5.0;5.0;5.0;Sem comentário;Restaurante Sabores Delivery;Restaurante;Cametá
5.0;5.0;5.0;Sem comentário;Restaurante Sabores Delivery;Restaurante;Cametá
5.0;5.0;5.0;Sem comentário;Restaurante Sabores Delivery;Restaurante;Cametá
4.0;5.0;5.0;Sem comentário;Restaurante Sabores Delivery;Restaurante;Cametá
5.0;5.0;5.0;não avisou quando saiu mas é de excelente qualidade 😍;Restaurante Sabores Delivery;Restaurante;Cametá
5.0;5.0;5.0;Sem comentário;Restaurante Sabores Delivery;Restaurante;Cametá
5.0;3.0;5.0;Sem comentário;Restaurante Sabores Delivery;Restaurante;Cametá
5.0;5.0;5.0;Muito caprichada👏👏;Restaurante Sabores Delivery;Restaurante;Cametá
5.0;5.0;5.0;Sem comentário;Restaurante Sabores Delivery;Restaurante;Cametá
5.0;1.0;3.0;Sem comentário;Restaurante Sabores Delivery;Restaurante;Cametá
5.0;5.0;5.0;Sem comentário;Restaurante Sabores Delivery;Restaurante;Cametá
5.0;5.0;5.0;Sem comentário;Restaurante Sabores Delivery;Restaurante;Cametá
5.0;5.0;5.0;Sem comentário;Restaurante Sabores Delivery;Restaurante;Cametá
5.0;4.0;5.0;Sem comentário;Restaurante Sabores Delivery;Restaurante;Cametá
5.0;5.0;5.0;Sem comentário;Restaurante Sabores Delivery;Restaurante;Cametá
5.0;5.0;5.0;Sem comentário;Restaurante Sabores Delivery;Restaurante;Cametá
5.0;5.0;5.0;Sem comentário;Restaurante Sabores Delivery;Restaurante;Cametá
5.0;5.0;5.0;Sem comentário;Restaurante Sabores Delivery;Restaurante;Cametá
5.0;5.0;5.0;Sem comentário;Restaurante Sabores Delivery;Restaurante;Cametá
5.0;5.0;5.0;Sem comentário;Restaurante Sabores Delivery;Restaurante;Cametá
5.0;5.0;5.0;Sem comentário;Restaurante Sabores Delivery;Restaurante;Cametá
5.0;5.0;5.0;Sem comentário;Restaurante Sabores Delivery;Restaurante;Cametá
5.0;5.0;5.0;Sem comentário;Restaurante Sabores Delivery;Restaurante;Cametá
5.0;5.0;5.0;Sem comentário;Restaurante Sabores Delivery;Restaurante;Cametá
5.0;5.0;5.0;Sem comentário;Restaurante Sabores Delivery;Restaurante;Cametá
5.0;5.0;5.0;Sem comentário;Restaurante Sabores Delivery;Restaurante;Cametá
5.0;5.0;5.0;Sem comentário;Restaurante Sabores Delivery;Restaurante;Cametá
5.0;5.0;5.0;Sem comentário;Restaurante Sabores Delivery;Restaurante;Cametá
5.0;5.0;5.0;Sem comentário;Restaurante Sabores Delivery;Restaurante;Cametá
5.0;5.0;5.0;Sem comentário;Restaurante Sabores Delivery;Restaurante;Cametá
3.0;5.0;3.0;Sem comentário;Restaurante Sabores Delivery;Restaurante;Cametá
5.0;5.0;5.0;comida maravilhosa;Restaurante Sabores Delivery;Restaurante;Cametá
5.0;5.0;5.0;Sem comentário;Restaurante Sabores Delivery;Restaurante;Cametá
5.0;5.0;5.0;Melhor comida caseira;Restaurante Sabores Delivery;Restaurante;Cametá
5.0;5.0;5.0;a comida estava muito deliciosa tudo no ponto certo;Restaurante Sabores Delivery;Restaurante;Cametá
5.0;5.0;5.0;Sem comentário;Restaurante Sabores Delivery;Restaurante;Cametá
5.0;5.0;5.0;Sem comentário;Restaurante Sabores Delivery;Restaurante;Cametá
5.0;5.0;5.0;Sem comentário;Restaurante Sabores Delivery;Restaurante;Cametá
5.0;5.0;5.0;Sem comentário;Restaurante Sabores Delivery;Restaurante;Cametá
5.0;5.0;5.0;Sem comentário;Restaurante Sabores Delivery;Restaurante;Cametá
5.0;5.0;5.0;Sem comentário;Restaurante Sabores Delivery;Restaurante;Cametá
5.0;5.0;5.0;Sem comentário;Restaurante Sabores Delivery;Restaurante;Cametá
5.0;5.0;5.0;Sem comentário;Restaurante Sabores Delivery;Restaurante;Cametá
4.0;5.0;5.0;Sem comentário;Restaurante Sabores Delivery;Restaurante;Cametá
3.0;2.0;3.0;Sem comentário;Restaurante Sabores Delivery;Restaurante;Cametá
5.0;5.0;5.0;Sem comentário;Restaurante Sabores Delivery;Restaurante;Cametá
5.0;5.0;5.0;Sem comentário;Restaurante Sabores Delivery;Restaurante;Cametá
5.0;5.0;5.0;Sem comentário;Restaurante Sabores Delivery;Restaurante;Cametá
5.0;5.0;5.0;Sem comentário;Restaurante Sabores Delivery;Restaurante;Cametá
5.0;5.0;5.0;Sem comentário;Restaurante Sabores Delivery;Restaurante;Cametá
5.0;3.0;5.0;Sem comentário;Restaurante Sabores Delivery;Restaurante;Cametá
5.0;5.0;5.0;Sem comentário;Restaurante Sabores Delivery;Restaurante;Cametá
5.0;5.0;5.0;refeição saborosa!;Restaurante Sabores Delivery;Restaurante;Cametá
5.0;5.0;5.0;Sem comentário;Restaurante Sabores Delivery;Restaurante;Cametá
5.0;5.0;5.0;Sem comentário;Restaurante Sabores Delivery;Restaurante;Cametá
4.0;4.0;4.0;Sem comentário;Restaurante Sabores Delivery;Restaurante;Cametá
5.0;5.0;5.0;Sem comentário;Restaurante Sabores Delivery;Restaurante;Cametá
5.0;3.0;4.0;Sem comentário;Restaurante Sabores Delivery;Restaurante;Cametá
5.0;5.0;5.0;Sem comentário;Restaurante Sabores Delivery;Restaurante;Cametá
5.0;5.0;5.0;Sem comentário;Restaurante Sabores Delivery;Restaurante;Cametá
5.0;5.0;5.0;Sem comentário;Restaurante Sabores Delivery;Restaurante;Cametá
5.0;5.0;5.0;Sem comentário;Restaurante Sabores Delivery;Restaurante;Cametá
5.0;5.0;5.0;Bom demais, prato cheio😍;Restaurante Sabores Delivery;Restaurante;Cametá
5.0;3.0;4.0;Sem comentário;Restaurante Sabores Delivery;Restaurante;Cametá
5.0;5.0;5.0;Sem comentário;Restaurante Sabores Delivery;Restaurante;Cametá
5.0;5.0;5.0;Sem comentário;Restaurante Sabores Delivery;Restaurante;Cametá
5.0;5.0;5.0;Sem comentário;Restaurante Sabores Delivery;Restaurante;Cametá
5.0;5.0;5.0;Sem comentário;Restaurante Sabores Delivery;Restaurante;Cametá
4.0;4.0;4.0;Sem comentário;Restaurante Sabores Delivery;Restaurante;Cametá
5.0;5.0;5.0;Sem comentário;Restaurante Sabores Delivery;Restaurante;Cametá
5.0;5.0;5.0;Sem comentário;Restaurante Sabores Delivery;Restaurante;Cametá
3.0;2.0;2.0;comida é boa porém pedir sem salada e feijão mas chegou justamente com o que não gosto. mas de resto Excelente;Restaurante Sabores Delivery;Restaurante;Cametá
5.0;5.0;5.0;Sem comentário;Restaurante Sabores Delivery;Restaurante;Cametá
5.0;5.0;5.0;Sem comentário;Restaurante Sabores Delivery;Restaurante;Cametá
5.0;5.0;5.0;Sem comentário;Restaurante Sabores Delivery;Restaurante;Cametá
5.0;5.0;5.0;Sem comentário;Restaurante Sabores Delivery;Restaurante;Cametá
5.0;3.0;5.0;Sem comentário;Restaurante Sabores Delivery;Restaurante;Cametá
5.0;5.0;5.0;Sem comentário;Restaurante Sabores Delivery;Restaurante;Cametá
5.0;5.0;5.0;Sem comentário;Açaí da Hora;Açaí;Cametá
5.0;5.0;5.0;Sem comentário;Açaí da Hora;Açaí;Cametá
5.0;5.0;5.0;Sem comentário;R&L Delícias;Doces/Sobremesas;Cametá
5.0;5.0;5.0;Sem comentário;Lanches Logo Ali;Salgados;Oeiras
5.0;5.0;5.0;Sem comentário;Lanches Logo Ali;Salgados;Oeiras
5.0;5.0;5.0;Sem comentário;Lanches Logo Ali;Salgados;Oeiras
5.0;5.0;5.0;muito boom ❤️💖;Lanches Logo Ali;Salgados;Oeiras
5.0;5.0;5.0;Sem comentário;Lanches Logo Ali;Salgados;Oeiras
5.0;5.0;5.0;o melhor da city 😋😉;Lanches Logo Ali;Salgados;Oeiras
5.0;5.0;5.0;Sem comentário;Lanches Logo Ali;Salgados;Oeiras
5.0;5.0;5.0;Sem comentário;Lanches Logo Ali;Salgados;Oeiras
5.0;5.0;5.0;Sem comentário;Lanches Logo Ali;Salgados;Oeiras
5.0;5.0;5.0;Uma delícia, doce na medida certa 🥰;Analice Furtado Confeitaria Artesanal ;Doces/Sobremesas;Cametá
5.0;5.0;5.0;Meu Deus !!pedi dois bolos e os dois  tavam muito bom ❤️❤️ 🥰😋 perfeitos. Com certeza vou comprar denovo;Analice Furtado Confeitaria Artesanal ;Doces/Sobremesas;Cametá
5.0;5.0;5.0;Sem comentário;Analice Furtado Confeitaria Artesanal ;Doces/Sobremesas;Cametá
5.0;5.0;5.0;Sem comentário;Analice Furtado Confeitaria Artesanal ;Doces/Sobremesas;Cametá
5.0;5.0;5.0;Sem comentário;Analice Furtado Confeitaria Artesanal ;Doces/Sobremesas;Cametá
5.0;5.0;5.0;MUITO BOM, SUPER RECOMENDO!;Analice Furtado Confeitaria Artesanal ;Doces/Sobremesas;Cametá
5.0;5.0;5.0;Sem comentário;Analice Furtado Confeitaria Artesanal ;Doces/Sobremesas;Cametá
5.0;5.0;5.0;Sem comentário;Analice Furtado Confeitaria Artesanal ;Doces/Sobremesas;Cametá
5.0;5.0;5.0;Sem comentário;Analice Furtado Confeitaria Artesanal ;Doces/Sobremesas;Cametá
5.0;5.0;5.0;super rápido, uma delícia, amei❤️;Analice Furtado Confeitaria Artesanal ;Doces/Sobremesas;Cametá
5.0;3.0;5.0;Sem comentário;Analice Furtado Confeitaria Artesanal ;Doces/Sobremesas;Cametá
5.0;5.0;5.0;Sem comentário;Analice Furtado Confeitaria Artesanal ;Doces/Sobremesas;Cametá
1.0;1.0;1.0;Sem comentário;Analice Furtado Confeitaria Artesanal ;Doces/Sobremesas;Cametá
5.0;5.0;5.0;coracao ❤️ ;Analice Furtado Confeitaria Artesanal ;Doces/Sobremesas;Cametá
5.0;5.0;5.0;Sem comentário;Analice Furtado Confeitaria Artesanal ;Doces/Sobremesas;Cametá
5.0;5.0;5.0;Sem comentário;Analice Furtado Confeitaria Artesanal ;Doces/Sobremesas;Cametá
5.0;5.0;5.0;Sem comentário;Analice Furtado Confeitaria Artesanal ;Doces/Sobremesas;Cametá
5.0;5.0;5.0;Sem comentário;Analice Furtado Confeitaria Artesanal ;Doces/Sobremesas;Cametá
5.0;5.0;5.0;muito bom;Analice Furtado Confeitaria Artesanal ;Doces/Sobremesas;Cametá
5.0;5.0;5.0;Sem comentário;Analice Furtado Confeitaria Artesanal ;Doces/Sobremesas;Cametá
5.0;5.0;5.0;Sem comentário;Analice Furtado Confeitaria Artesanal ;Doces/Sobremesas;Cametá
5.0;5.0;5.0;Sem comentário;Analice Furtado Confeitaria Artesanal ;Doces/Sobremesas;Cametá
5.0;5.0;5.0;Sem comentário;Analice Furtado Confeitaria Artesanal ;Doces/Sobremesas;Cametá
5.0;5.0;5.0;Sem comentário;Analice Furtado Confeitaria Artesanal ;Doces/Sobremesas;Cametá
5.0;5.0;5.0;Sem comentário;Kitutis;Salgados;Cametá
5.0;5.0;5.0;Sem comentário;Marmitex São José;Restaurante;Cametá
5.0;5.0;5.0;Sem comentário;Marmitex São José;Restaurante;Cametá
5.0;3.0;3.0;Sem comentário;Marmitex São José;Restaurante;Cametá
4.0;5.0;4.0;Sem comentário;Marmitex São José;Restaurante;Cametá
5.0;5.0;5.0;Sem comentário;Marmitex São José;Restaurante;Cametá
4.0;5.0;5.0;Sem comentário;Marmitex São José;Restaurante;Cametá
5.0;5.0;5.0;Sem comentário;Marmitex São José;Restaurante;Cametá
5.0;5.0;5.0;Sem comentário;Marmitex São José;Restaurante;Cametá
5.0;3.0;5.0;Sem comentário;Marmitex São José;Restaurante;Cametá
5.0;1.0;1.0;Sem comentário;Marmitex São José;Restaurante;Cametá
5.0;5.0;5.0;Sem comentário;Point do Sabor;Restaurante;Oeiras
5.0;5.0;5.0;Sem comentário;Açaí da 21;Açaí;Oeiras
5.0;5.0;5.0;Maravilhoso! tudo muito bem temperado, na temperatura perfeita e em boa quantidade;J & V Refeições;Restaurante;Limoeiro do Ajuru
5.0;4.0;1.0;Sem comentário;HortiFruti Salmo 91;Frutas/Legumes;Oeiras
5.0;5.0;5.0;Um produto de ótima qualidade.;N. G. Sabor do Açaí;Açaí;Cametá
5.0;5.0;5.0;Sem comentário;N. G. Sabor do Açaí;Açaí;Cametá
5.0;5.0;5.0;Sem comentário;N. G. Sabor do Açaí;Açaí;Cametá
5.0;5.0;5.0;Sem comentário;N. G. Sabor do Açaí;Açaí;Cametá
5.0;5.0;5.0;Sem comentário;N. G. Sabor do Açaí;Açaí;Cametá
5.0;5.0;5.0;Sem comentário;N. G. Sabor do Açaí;Açaí;Cametá
5.0;5.0;5.0;Sem comentário;N. G. Sabor do Açaí;Açaí;Cametá
3.0;5.0;4.0;Sem comentário;N. G. Sabor do Açaí;Açaí;Cametá
3.0;3.0;4.0;Sem comentário;N. G. Sabor do Açaí;Açaí;Cametá
5.0;5.0;5.0;Sem comentário;N. G. Sabor do Açaí;Açaí;Cametá
5.0;5.0;5.0;Sem comentário;N. G. Sabor do Açaí;Açaí;Cametá
5.0;5.0;5.0;Sem comentário;N. G. Sabor do Açaí;Açaí;Cametá
5.0;5.0;5.0;Sem comentário;N. G. Sabor do Açaí;Açaí;Cametá
5.0;5.0;5.0;Sem comentário;N. G. Sabor do Açaí;Açaí;Cametá
5.0;5.0;5.0;Sem comentário;N. G. Sabor do Açaí;Açaí;Cametá
5.0;5.0;5.0;Sem comentário;N. G. Sabor do Açaí;Açaí;Cametá
5.0;5.0;5.0;Sem comentário;N. G. Sabor do Açaí;Açaí;Cametá
4.0;4.0;4.0;Sem comentário;N. G. Sabor do Açaí;Açaí;Cametá
5.0;5.0;5.0;Sem comentário;Ponto do Açaí;Açaí;Cametá
5.0;5.0;5.0;Sem comentário;Ponto do Açaí;Açaí;Cametá
5.0;5.0;5.0;Sem comentário;Ponto do Açaí;Açaí;Cametá
5.0;5.0;5.0;Sem comentário;Ponto do Açaí;Açaí;Cametá
4.0;5.0;5.0;Sem comentário;Ponto do Açaí;Açaí;Cametá
4.0;5.0;5.0;Sem comentário;Ponto do Açaí;Açaí;Cametá
5.0;5.0;5.0;Sem comentário;Ponto do Açaí;Açaí;Cametá
5.0;1.0;5.0;Sem comentário;Ponto do Açaí;Açaí;Cametá
5.0;5.0;5.0;Sem comentário;Ponto do Açaí;Açaí;Cametá
5.0;5.0;5.0;Sem comentário;Ponto do Açaí;Açaí;Cametá
5.0;5.0;5.0;Sem comentário;Ponto do Açaí;Açaí;Cametá
5.0;5.0;5.0;Sem comentário;Ponto do Açaí;Açaí;Cametá
5.0;5.0;5.0;Sem comentário;Ponto do Açaí;Açaí;Cametá
5.0;5.0;5.0;Sem comentário;Ponto do Açaí;Açaí;Cametá
5.0;5.0;5.0;Sem comentário;Ponto do Açaí;Açaí;Cametá
5.0;5.0;5.0;Sem comentário;Ponto do Açaí;Açaí;Cametá
5.0;5.0;5.0;Sem comentário;Ponto do Açaí;Açaí;Cametá
4.0;5.0;5.0;Sem comentário;Ponto do Açaí;Açaí;Cametá
5.0;5.0;5.0;Sem comentário;Ponto do Açaí;Açaí;Cametá
5.0;5.0;5.0;Sem comentário;Ponto do Açaí;Açaí;Cametá
5.0;5.0;5.0;Sem comentário;Ponto do Açaí;Açaí;Cametá
5.0;5.0;5.0;Sem comentário;Ponto do Açaí;Açaí;Cametá
5.0;5.0;5.0;Sem comentário;Ponto do Açaí;Açaí;Cametá
5.0;5.0;4.0;Sem comentário;Ponto do Açaí;Açaí;Cametá
5.0;5.0;5.0;Sem comentário;Ponto do Açaí;Açaí;Cametá
5.0;5.0;5.0;Sem comentário;Ponto do Açaí;Açaí;Cametá
5.0;5.0;5.0;Sem comentário;Ponto do Açaí;Açaí;Cametá
5.0;5.0;5.0;Sem comentário;Ponto do Açaí;Açaí;Cametá
5.0;5.0;5.0;Sem comentário;Ponto do Açaí;Açaí;Cametá
5.0;5.0;5.0;Sem comentário;Ponto do Açaí;Açaí;Cametá
5.0;5.0;5.0;Sem comentário;Ponto do Açaí;Açaí;Cametá
5.0;5.0;5.0;Sem comentário;Ponto do Açaí;Açaí;Cametá
5.0;5.0;5.0;Sem comentário;Ponto do Açaí;Açaí;Cametá
5.0;5.0;4.0;Sem comentário;Ponto do Açaí;Açaí;Cametá
5.0;5.0;5.0;Sem comentário;Ponto do Açaí;Açaí;Cametá
5.0;5.0;5.0;Sem comentário;Ponto do Açaí;Açaí;Cametá
5.0;5.0;5.0;Sem comentário;Ponto do Açaí;Açaí;Cametá
5.0;5.0;5.0;Sem comentário;Ponto do Açaí;Açaí;Cametá
5.0;5.0;5.0;Sem comentário;Ponto do Açaí;Açaí;Cametá
5.0;5.0;5.0;Sem comentário;Ponto do Açaí;Açaí;Cametá
5.0;5.0;5.0;Sem comentário;Ponto do Açaí;Açaí;Cametá
5.0;5.0;5.0;Sem comentário;Ponto do Açaí;Açaí;Cametá
5.0;5.0;5.0;Sem comentário;Ponto do Açaí;Açaí;Cametá
5.0;5.0;5.0;Sem comentário;Ponto do Açaí;Açaí;Cametá
5.0;2.0;5.0;Sem comentário;Ponto do Açaí;Açaí;Cametá
5.0;5.0;5.0;Sem comentário;Ponto do Açaí;Açaí;Cametá
5.0;5.0;5.0;Sem comentário;Ponto do Açaí;Açaí;Cametá
5.0;5.0;5.0;Sem comentário;Ponto do Açaí;Açaí;Cametá
5.0;5.0;5.0;Totalmente excelente!;Ponto do Açaí;Açaí;Cametá
5.0;5.0;5.0;Sem comentário;Ponto do Açaí;Açaí;Cametá
5.0;5.0;5.0;Sem comentário;Ponto do Açaí;Açaí;Cametá
4.0;5.0;5.0;Sem comentário;Ponto do Açaí;Açaí;Cametá
5.0;5.0;5.0;Sem comentário;Ponto do Açaí;Açaí;Cametá
5.0;5.0;5.0;Sem comentário;Ponto do Açaí;Açaí;Cametá
5.0;5.0;5.0;Sem comentário;Ponto do Açaí;Açaí;Cametá
5.0;5.0;5.0;Sem comentário;Ponto do Açaí;Açaí;Cametá
5.0;5.0;4.0;Sem comentário;Ponto do Açaí;Açaí;Cametá
5.0;5.0;5.0;Sem comentário;Ponto do Açaí;Açaí;Cametá
5.0;5.0;5.0;Sem comentário;Ponto do Açaí;Açaí;Cametá
5.0;5.0;5.0;Sem comentário;Ponto do Açaí;Açaí;Cametá
5.0;5.0;5.0;Sem comentário;Ponto do Açaí;Açaí;Cametá
5.0;5.0;5.0;Ótimo açaí.;Ponto do Açaí;Açaí;Cametá
5.0;5.0;5.0;Sem comentário;Conveniência 24 horas;Comércio;Cametá
2.0;2.0;2.0;Sem comentário;Conveniência 24 horas;Comércio;Cametá
5.0;5.0;5.0;Sem comentário;Open Lanches;Salgados;Oeiras
5.0;5.0;5.0;Sem comentário;Open Lanches;Salgados;Oeiras
5.0;5.0;5.0;Sem comentário;Open Lanches;Salgados;Oeiras
5.0;5.0;5.0;Entrega super rápida e produto de ótima qualidade. Adorei.;Leônidas Churras;Restaurante;Cametá
5.0;5.0;5.0;Sem comentário;Leônidas Churras;Restaurante;Cametá
1.0;1.0;1.0;Sem comentário;Leônidas Churras;Restaurante;Cametá
4.0;5.0;4.0;Sem comentário;Leônidas Churras;Restaurante;Cametá
5.0;5.0;5.0;Comida deliciosa, tudo perfeito, ótimo atendimento!! Super recomendo;Dona Lucy;Restaurante;Cametá
3.0;3.0;3.0;Sem comentário;Dona Lucy;Restaurante;Cametá
5.0;5.0;5.0;Sem comentário;Dona Lucy;Restaurante;Cametá
5.0;5.0;5.0;Sem comentário;Dona Lucy;Restaurante;Cametá
5.0;5.0;5.0;Sem comentário;Dona Lucy;Restaurante;Cametá
4.0;3.0;3.0;Sem comentário;Dona Lucy;Restaurante;Cametá
5.0;5.0;5.0;Sem comentário;Dona Lucy;Restaurante;Cametá
5.0;5.0;5.0;Sem comentário;Dona Lucy;Restaurante;Cametá
5.0;5.0;5.0;Sem comentário;Açaí Benção de Deus;Açaí;Oeiras
5.0;5.0;5.0;Sem comentário;Açaí Benção de Deus;Açaí;Oeiras
5.0;5.0;5.0;Sem comentário;Açaí Benção de Deus;Açaí;Oeiras
5.0;5.0;5.0;Sem comentário;Açaí Benção de Deus;Açaí;Oeiras
5.0;5.0;5.0;Sem comentário;Açaí Benção de Deus;Açaí;Oeiras
5.0;5.0;4.0;Sem comentário;Açaí Benção de Deus;Açaí;Oeiras
5.0;5.0;5.0;Sem comentário;Monster Burguer;Lanches;Cametá
5.0;5.0;5.0;Sem comentário;Monster Burguer;Lanches;Cametá
5.0;5.0;5.0;Sem comentário;Monster Burguer;Lanches;Cametá
5.0;5.0;5.0;Sem comentário;Monster Burguer;Lanches;Cametá
5.0;5.0;4.0;Sem comentário;Monster Burguer;Lanches;Cametá
5.0;5.0;5.0;excelente atendimento e ótimo hambúrguer;Monster Burguer;Lanches;Cametá
5.0;5.0;5.0;muito bom!;Monster Burguer;Lanches;Cametá
5.0;5.0;5.0;Sem comentário;Monster Burguer;Lanches;Cametá
5.0;5.0;5.0;Sem comentário;Monster Burguer;Lanches;Cametá
5.0;5.0;5.0;Sem comentário;Monster Burguer;Lanches;Cametá
5.0;5.0;5.0;excelente, saboroso, ótimo tempo de entrega.;Monster Burguer;Lanches;Cametá
5.0;4.0;5.0;Sem comentário;Monster Burguer;Lanches;Cametá
5.0;5.0;5.0;Sem comentário;Monster Burguer;Lanches;Cametá
5.0;5.0;5.0;Sem comentário;Monster Burguer;Lanches;Cametá
5.0;5.0;5.0;Sem comentário;Monster Burguer;Lanches;Cametá
5.0;5.0;5.0;Sem comentário;Monster Burguer;Lanches;Cametá
1.0;1.0;1.0;horrivel, tudo queimado, sem nada de recheio, só um pedaço de carne e um de presunto..... péssimo;Monster Burguer;Lanches;Cametá
5.0;5.0;5.0;Excelente.;Monster Burguer;Lanches;Cametá
5.0;5.0;5.0;excelente;Monster Burguer;Lanches;Cametá
5.0;5.0;5.0;Sem comentário;Monster Burguer;Lanches;Cametá
5.0;5.0;5.0;Sem comentário;Monster Burguer;Lanches;Cametá
5.0;5.0;5.0;Sem comentário;Monster Burguer;Lanches;Cametá
4.0;3.0;4.0;Sem comentário;Monster Burguer;Lanches;Cametá
5.0;5.0;5.0;Sem comentário;Monster Burguer;Lanches;Cametá
4.0;4.0;4.0;Sem comentário;Monster Burguer;Lanches;Cametá
5.0;5.0;5.0;Sem comentário;Monster Burguer;Lanches;Cametá
5.0;5.0;5.0;Sem comentário;Monster Burguer;Lanches;Cametá
5.0;5.0;5.0;Sem comentário;Monster Burguer;Lanches;Cametá
5.0;5.0;5.0;Sem comentário;Monster Burguer;Lanches;Cametá
5.0;5.0;5.0;Sem comentário;Monster Burguer;Lanches;Cametá
5.0;2.0;4.0;Sem comentário;Monster Burguer;Lanches;Cametá
5.0;4.0;5.0;Sem comentário;Monster Burguer;Lanches;Cametá
5.0;5.0;5.0;Sem comentário;Monster Burguer;Lanches;Cametá
5.0;5.0;5.0;Sem comentário;Monster Burguer;Lanches;Cametá
5.0;5.0;5.0;Sem comentário;Monster Burguer;Lanches;Cametá
5.0;5.0;5.0;Sem comentário;Monster Burguer;Lanches;Cametá
4.0;4.0;4.0;Sem comentário;Monster Burguer;Lanches;Cametá
5.0;5.0;5.0;Sem comentário;Mac Lanches;Lanches;Oeiras
5.0;5.0;5.0;Sem comentário;Mac Lanches;Lanches;Oeiras
5.0;5.0;5.0;Sem comentário;Mac Lanches;Lanches;Oeiras
5.0;5.0;5.0;Sem comentário;Mac Lanches;Lanches;Oeiras
5.0;5.0;5.0;Sem comentário;Mac Lanches;Lanches;Oeiras
5.0;5.0;5.0;Sem comentário;Mac Lanches;Lanches;Oeiras
5.0;5.0;5.0;Sem comentário;Mac Lanches;Lanches;Oeiras
5.0;5.0;5.0;Sem comentário;Mac Lanches;Lanches;Oeiras
5.0;5.0;5.0;Sem comentário;Mac Lanches;Lanches;Oeiras
5.0;5.0;5.0;Sem comentário;Mac Lanches;Lanches;Oeiras
5.0;5.0;5.0;Sem comentário;Mac Lanches;Lanches;Oeiras
5.0;5.0;5.0;Sem comentário;Mac Lanches;Lanches;Oeiras
5.0;5.0;5.0;Sem comentário;Mac Lanches;Lanches;Oeiras
5.0;5.0;5.0;Sem comentário;Mac Lanches;Lanches;Oeiras
5.0;5.0;5.0;Sem comentário;Mac Lanches;Lanches;Oeiras
5.0;5.0;5.0;Sem comentário;Mac Lanches;Lanches;Oeiras
5.0;5.0;5.0;Sem comentário;Mac Lanches;Lanches;Oeiras
5.0;5.0;5.0;Sem comentário;Mac Lanches;Lanches;Oeiras
5.0;5.0;5.0;Sem comentário;Mac Lanches;Lanches;Oeiras
5.0;5.0;4.0;Sem comentário;Açaí do Markola;Açaí;Oeiras
5.0;5.0;5.0;Sem comentário;Açaí do Markola;Açaí;Oeiras
5.0;5.0;5.0;Sem comentário;Impérius Burguer II;Lanches;Cametá
5.0;5.0;5.0;Sem comentário;Impérius Burguer II;Lanches;Cametá
5.0;5.0;5.0;muito bom e rápida entrega ☺️;Impérius Burguer II;Lanches;Cametá
4.0;5.0;5.0;Sem comentário;Impérius Burguer II;Lanches;Cametá
5.0;2.0;3.0;Ótimo lanche. Mas o atendimento e entrega deixam a desejar. Demoram muito para responder e entregar. E quem me atendeu nem sabia que meu lanche já tinha saído p entrega e deu a desculpa que estava aguardando o entregador chegar. Mas já estava muito atrasado.;Impérius Burguer II;Lanches;Cametá
5.0;5.0;5.0;Surper recomendo... muito bom, sem contar a entrega surper rápida!😍;Impérius Burguer II;Lanches;Cametá
5.0;5.0;5.0;muito sastifeita❤️;Impérius Burguer II;Lanches;Cametá
5.0;5.0;5.0;Sem comentário;Impérius Burguer II;Lanches;Cametá
1.0;1.0;1.0;Sem comentário;Impérius Burguer II;Lanches;Cametá
5.0;5.0;5.0;Sem comentário;Impérius Burguer II;Lanches;Cametá
5.0;5.0;5.0;Sem comentário;Impérius Burguer II;Lanches;Cametá
5.0;5.0;5.0;Sem comentário;Impérius Burguer II;Lanches;Cametá
1.0;1.0;1.0;Sem comentário;Impérius Burguer II;Lanches;Cametá
5.0;5.0;5.0;Sem comentário;Impérius Burguer II;Lanches;Cametá
5.0;5.0;5.0;Sem comentário;Impérius Burguer II;Lanches;Cametá
5.0;5.0;5.0;Sem comentário;Impérius Burguer II;Lanches;Cametá
5.0;5.0;5.0;Sem comentário;Impérius Burguer II;Lanches;Cametá
5.0;5.0;5.0;excelente, recomendo!;Impérius Burguer II;Lanches;Cametá
5.0;1.0;1.0;Sem comentário;Impérius Burguer II;Lanches;Cametá
5.0;5.0;5.0;Sem comentário;Dorcas Salgados;Salgados;Cametá
5.0;5.0;5.0;Sem comentário;Dorcas Salgados;Salgados;Cametá
5.0;5.0;5.0;Sem comentário;Dorcas Salgados;Salgados;Cametá
5.0;5.0;4.0;Sem comentário;Dorcas Salgados;Salgados;Cametá
5.0;5.0;5.0;Sem comentário;Dorcas Salgados;Salgados;Cametá
5.0;5.0;5.0;Sem comentário;Dorcas Salgados;Salgados;Cametá
5.0;5.0;5.0;Produto de ótima qualidade.;Dorcas Salgados;Salgados;Cametá
5.0;5.0;5.0;Sem comentário;Dorcas Salgados;Salgados;Cametá
5.0;5.0;5.0;Sem comentário;Dorcas Salgados;Salgados;Cametá
5.0;4.0;5.0;Sem comentário;Dorcas Salgados;Salgados;Cametá
5.0;5.0;5.0;Sem comentário;Dorcas Salgados;Salgados;Cametá
5.0;5.0;5.0;Sem comentário;Dorcas Salgados;Salgados;Cametá
5.0;5.0;5.0;Sem comentário;Dorcas Salgados;Salgados;Cametá
5.0;5.0;5.0;Sem comentário;Dorcas Salgados;Salgados;Cametá
5.0;5.0;5.0;Sem comentário;Dorcas Salgados;Salgados;Cametá
5.0;5.0;5.0;Sem comentário;Dorcas Salgados;Salgados;Cametá
5.0;5.0;5.0;Sem comentário;Dorcas Salgados;Salgados;Cametá
5.0;5.0;5.0;Sem comentário;Dorcas Salgados;Salgados;Cametá
5.0;5.0;5.0;Sem comentário;Dorcas Salgados;Salgados;Cametá
5.0;2.0;5.0;Sem comentário;Dorcas Salgados;Salgados;Cametá
5.0;5.0;5.0;Sem comentário;Dorcas Salgados;Salgados;Cametá
5.0;5.0;5.0;Sem comentário;Dorcas Salgados;Salgados;Cametá
5.0;5.0;5.0;Sem comentário;Dorcas Salgados;Salgados;Cametá
5.0;3.0;5.0;Sem comentário;Dorcas Salgados;Salgados;Cametá
5.0;5.0;5.0;Excelente,  estava muito bom;Dorcas Salgados;Salgados;Cametá
5.0;1.0;1.0;faltou meu refri. Mais o lanche veio certinho;Dorcas Salgados;Salgados;Cametá
5.0;4.0;5.0;Sem comentário;Dorcas Salgados;Salgados;Cametá
5.0;3.0;5.0;Sem comentário;Dorcas Salgados;Salgados;Cametá
5.0;1.0;3.0;Sem comentário;Dorcas Salgados;Salgados;Cametá
5.0;5.0;5.0;só o beijinho que é meio duro, ele é um duro;Dorcas Salgados;Salgados;Cametá
5.0;5.0;5.0;entrega rápida e os salgados tavam muito bons ❤️;Dorcas Salgados;Salgados;Cametá
1.0;1.0;1.0;Sem comentário;Dorcas Salgados;Salgados;Cametá
1.0;1.0;1.0;não recebi o pedido;Dorcas Salgados;Salgados;Cametá
5.0;5.0;5.0;Sem comentário;Dorcas Salgados;Salgados;Cametá
1.0;1.0;1.0;o entregador combrou na entrega...q já tinha sido pago no pix, como faço...quero ressarcimento do valor.;Dorcas Salgados;Salgados;Cametá
5.0;5.0;5.0;Sem comentário;Dorcas Salgados;Salgados;Cametá
5.0;5.0;5.0;Sem comentário;Dorcas Salgados;Salgados;Cametá
5.0;5.0;5.0;Sem comentário;Dorcas Salgados;Salgados;Cametá
5.0;5.0;5.0;Sem comentário;Dorcas Salgados;Salgados;Cametá
5.0;4.0;5.0;Sem comentário;Dorcas Salgados;Salgados;Cametá
5.0;5.0;5.0;Sem comentário;Dorcas Salgados;Salgados;Cametá
5.0;5.0;5.0;Sem comentário;Dorcas Salgados;Salgados;Cametá
5.0;5.0;5.0;Sem comentário;Dorcas Salgados;Salgados;Cametá
5.0;5.0;5.0;Sem comentário;Dorcas Salgados;Salgados;Cametá
5.0;3.0;5.0;Tudo gostoso;Dorcas Salgados;Salgados;Cametá
1.0;1.0;1.0;Aguardando as empadas que não veio.;Dorcas Salgados;Salgados;Cametá
5.0;4.0;5.0;Sem comentário;Dorcas Salgados;Salgados;Cametá
5.0;5.0;5.0;Sem comentário;Dorcas Salgados;Salgados;Cametá
5.0;5.0;5.0;Sem comentário;Dorcas Salgados;Salgados;Cametá
3.0;5.0;5.0;Sem comentário;Dorcas Salgados;Salgados;Cametá
5.0;5.0;5.0;Sem comentário;Dorcas Salgados;Salgados;Cametá
5.0;5.0;5.0;Sem comentário;Dorcas Salgados;Salgados;Cametá
5.0;1.0;1.0;ossa que salgados delicioso, nossa sem palavras perfeito... super recomendo 😃;Dorcas Salgados;Salgados;Cametá
5.0;5.0;5.0;Sem comentário;Dorcas Salgados;Salgados;Cametá
5.0;4.0;5.0;Sem comentário;Dorcas Salgados;Salgados;Cametá
5.0;5.0;5.0;Sem comentário;Dorcas Salgados;Salgados;Cametá
5.0;5.0;5.0;Sem comentário;Dorcas Salgados;Salgados;Cametá
5.0;5.0;5.0;Sem comentário;Dorcas Salgados;Salgados;Cametá
5.0;5.0;5.0;Sem comentário;Dorcas Salgados;Salgados;Cametá
5.0;5.0;5.0;Sem comentário;Dorcas Salgados;Salgados;Cametá
5.0;4.0;4.0;Em suma é ótimo.;Dorcas Salgados;Salgados;Cametá
5.0;5.0;5.0;Sem comentário;Dorcas Salgados;Salgados;Cametá
5.0;5.0;5.0;Sem comentário;Dorcas Salgados;Salgados;Cametá
5.0;5.0;5.0;Sem comentário;Dorcas Salgados;Salgados;Cametá
5.0;3.0;5.0;Sem comentário;Dorcas Salgados;Salgados;Cametá
5.0;5.0;5.0;Sem comentário;Dorcas Salgados;Salgados;Cametá
5.0;5.0;5.0;Sem comentário;Dorcas Salgados;Salgados;Cametá
4.0;5.0;4.0;Sem comentário;Dorcas Salgados;Salgados;Cametá
5.0;5.0;5.0;Sem comentário;Dorcas Salgados;Salgados;Cametá
5.0;5.0;5.0;Sem comentário;Dorcas Salgados;Salgados;Cametá
5.0;5.0;5.0;Sem comentário;Dorcas Salgados;Salgados;Cametá
5.0;5.0;5.0;Sem comentário;Dorcas Salgados;Salgados;Cametá
1.0;1.0;1.0;Sem comentário;Dorcas Salgados;Salgados;Cametá
5.0;1.0;5.0;Sem comentário;Dorcas Salgados;Salgados;Cametá
5.0;5.0;5.0;Sem comentário;Dorcas Salgados;Salgados;Cametá
4.0;4.0;4.0;Sem comentário;Dorcas Salgados;Salgados;Cametá
5.0;5.0;5.0;Sem comentário;Dorcas Salgados;Salgados;Cametá
5.0;4.0;5.0;Sem comentário;Dorcas Salgados;Salgados;Cametá
5.0;5.0;4.0;Sem comentário;Dorcas Salgados;Salgados;Cametá
5.0;5.0;5.0;Sem comentário;Dorcas Salgados;Salgados;Cametá
5.0;5.0;5.0;Sem comentário;Dorcas Salgados;Salgados;Cametá
5.0;4.0;5.0;Sem comentário;Dorcas Salgados;Salgados;Cametá
4.0;5.0;5.0;Sem comentário;Dorcas Salgados;Salgados;Cametá
5.0;5.0;5.0;Sem comentário;Dorcas Salgados;Salgados;Cametá
5.0;5.0;5.0;Sem comentário;Dorcas Salgados;Salgados;Cametá
5.0;5.0;5.0;Sem comentário;Dorcas Salgados;Salgados;Cametá
1.0;1.0;1.0;bom dia, meu pix do troço que faltou brasfarmavendas@gmail.com;Dorcas Salgados;Salgados;Cametá
5.0;5.0;5.0;Salgados deliciosos!!!;Dorcas Salgados;Salgados;Cametá
5.0;5.0;5.0;Sem comentário;Dorcas Salgados;Salgados;Cametá
5.0;5.0;5.0;Sem comentário;Dorcas Salgados;Salgados;Cametá
4.0;4.0;4.0;Sem comentário;Dorcas Salgados;Salgados;Cametá
4.0;4.0;4.0;Sem comentário;Dorcas Salgados;Salgados;Cametá
5.0;5.0;5.0;Sem comentário;Dorcas Salgados;Salgados;Cametá
4.0;4.0;4.0;Sem comentário;Dorcas Salgados;Salgados;Cametá
5.0;3.0;5.0;Sem comentário;Dorcas Salgados;Salgados;Cametá
5.0;5.0;5.0;Sem comentário;Dorcas Salgados;Salgados;Cametá
5.0;5.0;5.0;Sem comentário;Dorcas Salgados;Salgados;Cametá
5.0;5.0;5.0;Sem comentário;Dorcas Salgados;Salgados;Cametá
5.0;5.0;5.0;Sem comentário;Dorcas Salgados;Salgados;Cametá
5.0;5.0;5.0;Sem comentário;Mix Bebidas Cametá;Bebidas;Cametá
5.0;5.0;5.0;adorei, perfeitooo;Mtacos Pereira;Tacos;Cametá
5.0;5.0;5.0;Sem comentário;Mtacos Pereira;Tacos;Cametá
5.0;5.0;5.0;Sem comentário;Mtacos Pereira;Tacos;Cametá
5.0;5.0;5.0;Sem comentário;Ki Galeto ;Restaurante;Oeiras
5.0;5.0;5.0;Sem comentário;Ki Galeto Ofc;Restaurante;Oeiras
5.0;5.0;5.0;entregas super rápida , recomendo muitoooo;Distribuidora Black Beer;Bebidas;Oeiras
5.0;5.0;4.0;entrega muito rápida,  super qualidade;Distribuidora Black Beer;Bebidas;Oeiras
4.0;5.0;5.0;Sem comentário;Hora Extra Delivery;Salgados/Doces;Cametá
5.0;5.0;5.0;Sem comentário;Hora Extra Delivery;Salgados/Doces;Cametá
5.0;5.0;5.0;os salgados tavam muito bons, e bolo tbm 😋 foi entregue rápido e tudo certinho.;Hora Extra Delivery;Salgados/Doces;Cametá
5.0;5.0;5.0;Sem comentário;Hora Extra Delivery;Salgados/Doces;Cametá
3.0;3.0;3.0;Sem comentário;Hora Extra Delivery;Salgados/Doces;Cametá
5.0;1.0;1.0;super deliciosa, cremosa leve suculenta perfeita ! vale a pena 😋😍;Lasanha na Marmita Bon Appétti;Restaurante;Cametá
5.0;5.0;5.0;perfeito;Lasanha na Marmita Bon Appétti;Restaurante;Cametá
5.0;5.0;5.0;Muito boa a lasanha, quente e saborosa, comprarei mais vezes! amei e indico muito!;Lasanha na Marmita Bon Appétti;Restaurante;Cametá
5.0;5.0;5.0;quentinha e saborosa 😋;Lasanha na Marmita Bon Appétti;Restaurante;Cametá
5.0;5.0;5.0;Sem comentário;Lasanha na Marmita Bon Appétti;Restaurante;Cametá
5.0;5.0;5.0;Sem comentário;Lasanha na Marmita Bon Appétti;Restaurante;Cametá
5.0;5.0;5.0;Sem comentário;Lasanha na Marmita Bon Appétti;Restaurante;Cametá
5.0;5.0;5.0;Sem comentário;Lasanha na Marmita Bon Appétti;Restaurante;Cametá
5.0;5.0;5.0;Sem comentário;Lasanha na Marmita Bon Appétti;Restaurante;Cametá
5.0;5.0;5.0;Sem comentário;Lasanha na Marmita Bon Appétti;Restaurante;Cametá
5.0;5.0;5.0;Sem comentário;Lasanha na Marmita Bon Appétti;Restaurante;Cametá
5.0;5.0;5.0;Sem comentário;Lasanha na Marmita Bon Appétti;Restaurante;Cametá
5.0;5.0;5.0;eu amei❤️❤️❤️;Lasanha na Marmita Bon Appétti;Restaurante;Cametá
5.0;5.0;5.0;Sem comentário;Lasanha na Marmita Bon Appétti;Restaurante;Cametá
5.0;5.0;5.0;muito bom;Lasanha na Marmita Bon Appétti;Restaurante;Cametá
5.0;5.0;5.0;Sem comentário;Lasanha na Marmita Bon Appétti;Restaurante;Cametá
5.0;5.0;5.0;Sem comentário;Lasanha na Marmita Bon Appétti;Restaurante;Cametá
5.0;5.0;5.0;Sem comentário;Lasanha na Marmita Bon Appétti;Restaurante;Cametá
5.0;5.0;5.0;Sem comentário;Lasanha na Marmita Bon Appétti;Restaurante;Cametá
5.0;5.0;5.0;muito bom!!;Lasanha na Marmita Bon Appétti;Restaurante;Cametá
5.0;5.0;5.0;Sem comentário;Lasanha na Marmita Bon Appétti;Restaurante;Cametá
5.0;5.0;5.0;Sem comentário;Lasanha na Marmita Bon Appétti;Restaurante;Cametá
4.0;5.0;5.0;Sem comentário;Lasanha na Marmita Bon Appétti;Restaurante;Cametá
4.0;4.0;4.0;Sem comentário;Lasanha na Marmita Bon Appétti;Restaurante;Cametá
5.0;5.0;5.0;Lasanha mais top que já provei. Além do sabor excepcional, fiquei impressionado com a quantidade generosa de recheio em cada porção. A entrega foi rápida e o pacote veio bem embalado, garantindo que a lasanha chegasse quentinha e pronta para ser saboreada. A embalagem também era prática, permitindo que eu desfrutasse da lasanha sem sujeira ou dificuldades. Com certeza voltarei a pedir.;Lasanha na Marmita Bon Appétti;Restaurante;Cametá
5.0;5.0;5.0;Sem comentário;Lasanha na Marmita Bon Appétti;Restaurante;Cametá
5.0;2.0;5.0;Sem comentário;Lasanha na Marmita Bon Appétti;Restaurante;Cametá
5.0;5.0;5.0;Muito saborosa!!!;Lasanha na Marmita Bon Appétti;Restaurante;Cametá
5.0;5.0;5.0;Sem comentário;Lasanha na Marmita Bon Appétti;Restaurante;Cametá
5.0;5.0;5.0;Sem comentário;Lasanha na Marmita Bon Appétti;Restaurante;Cametá
5.0;5.0;5.0;Sem comentário;Lasanha na Marmita Bon Appétti;Restaurante;Cametá
5.0;5.0;5.0;Sem comentário;Lasanha na Marmita Bon Appétti;Restaurante;Cametá
5.0;5.0;5.0;Sem comentário;Lasanha na Marmita Bon Appétti;Restaurante;Cametá
5.0;5.0;5.0;Sem comentário;Lasanha na Marmita Bon Appétti;Restaurante;Cametá
5.0;5.0;5.0;Sem comentário;Lasanha na Marmita Bon Appétti;Restaurante;Cametá
5.0;3.0;4.0;Sem comentário;Lasanha na Marmita Bon Appétti;Restaurante;Cametá
5.0;5.0;5.0;Sem comentário;Cabanos Beer;Bebidas;Cametá
5.0;5.0;5.0;o melhor da cidade ❤️❤️;Cabanos Beer;Bebidas;Cametá
5.0;5.0;5.0;Sem comentário;Cabanos Beer;Bebidas;Cametá
5.0;5.0;5.0;CERVEJA GELADA DEMAIS, MELHOR NÃO TEM🔥;Cabanos Beer;Bebidas;Cametá
5.0;5.0;5.0;sinceramente, é rápido demais, preço muito em conta;Cabanos Beer;Bebidas;Cametá
5.0;5.0;5.0;atendimento excelente, super educados e atenciosos;Cabanos Beer;Bebidas;Cametá
5.0;5.0;5.0;Cerveja muito gelada, ainda tem brinde 😍;Cabanos Beer;Bebidas;Cametá
5.0;5.0;5.0;Sem comentário;Cabanos Beer;Bebidas;Cametá
5.0;5.0;1.0;Sem comentário;Cabanos Beer;Bebidas;Cametá
5.0;5.0;5.0;Sem comentário;Tropical Chopp Gourmet;Chopp ;Cametá
5.0;5.0;5.0;Gostei muito entrega rápida e bom atendimento e qualidade;Panificadora Amaral;Panificadora;Oeiras
5.0;4.0;5.0;Sem comentário;Panificadora Amaral;Panificadora;Oeiras
4.0;3.0;4.0;Sem comentário;Panificadora Amaral;Panificadora;Oeiras
5.0;5.0;5.0;Sem comentário;Panificadora Amaral;Panificadora;Oeiras
5.0;5.0;5.0;Sem comentário;Panificadora Amaral;Panificadora;Oeiras
4.0;5.0;4.0;Sem comentário;Panificadora Amaral;Panificadora;Oeiras
3.0;3.0;5.0;Sem comentário;Panificadora Amaral;Panificadora;Oeiras
5.0;5.0;5.0;Sem comentário;Açaí do Robson;Açaí;Cametá
5.0;5.0;5.0;Sem comentário;Açaí do Robson;Açaí;Cametá
5.0;5.0;5.0;Sem comentário;Açaí do Robson;Açaí;Cametá
4.0;3.0;5.0;Sem comentário;Açaí do Robson;Açaí;Cametá
5.0;5.0;5.0;Sem comentário;Açaí do Robson;Açaí;Cametá
5.0;5.0;5.0;Sem comentário;Açaí do Robson;Açaí;Cametá
5.0;5.0;5.0;Sem comentário;Açaí do Robson;Açaí;Cametá
5.0;5.0;5.0;Sem comentário;Açaí do Robson;Açaí;Cametá
5.0;5.0;5.0;Sem comentário;Açaí do Robson;Açaí;Cametá
4.0;4.0;4.0;Sem comentário;Açaí do Robson;Açaí;Cametá
5.0;5.0;5.0;Sem comentário;Açaí do Robson;Açaí;Cametá
5.0;5.0;5.0;Sem comentário;Açaí do Robson;Açaí;Cametá
5.0;5.0;5.0;Sem comentário;Açaí do Robson;Açaí;Cametá
3.0;3.0;3.0;Sem comentário;Sushi House;Sushi;Oeiras
5.0;5.0;5.0;Sem comentário;Sushi House;Sushi;Oeiras
5.0;5.0;5.0;Sem comentário;Sushi House;Sushi;Oeiras
5.0;5.0;5.0;Sem comentário;Sushi House;Sushi;Oeiras
5.0;5.0;5.0;Sem comentário;Sushi House;Sushi;Oeiras
5.0;5.0;5.0;Preço baixo e bom atendimento !;Delivery The Beer;Bebidas;Cametá
5.0;5.0;5.0;rápido e prático ganhou uma cliente 🥰;Delivery The Beer;Bebidas;Cametá
5.0;5.0;5.0;Sem comentário;Delivery The Beer;Bebidas;Cametá
5.0;5.0;5.0;Sem comentário;Delivery The Beer;Bebidas;Cametá
5.0;5.0;5.0;Sem comentário;Delivery The Beer;Bebidas;Cametá
5.0;5.0;5.0;Sem comentário;Lanches do Cazuza;Salgados;Baião
5.0;5.0;5.0;Sem comentário;Rango Bom Refeições Delivery;Restaurante;Cametá
5.0;5.0;5.0;Sem comentário;Rango Bom Refeições Delivery;Restaurante;Cametá
1.0;1.0;1.0;Sem comentário;Rango Bom Refeições Delivery;Restaurante;Cametá
5.0;5.0;5.0;Sem comentário;Rango Bom Refeições Delivery;Restaurante;Cametá
5.0;5.0;5.0;Sem comentário;Rango Bom Refeições Delivery;Restaurante;Cametá
5.0;5.0;5.0;Sem comentário;Rango Bom Refeições Delivery;Restaurante;Cametá
5.0;5.0;5.0;Sem comentário;Rango Bom Refeições Delivery;Restaurante;Cametá
5.0;5.0;5.0;Sem comentário;Rango Bom Refeições Delivery;Restaurante;Cametá
5.0;5.0;5.0;Sem comentário;Rango Bom Refeições Delivery;Restaurante;Cametá
5.0;5.0;5.0;Sem comentário;Rango Bom Refeições Delivery;Restaurante;Cametá
4.0;5.0;5.0;Sem comentário;Rango Bom Refeições Delivery;Restaurante;Cametá
5.0;5.0;5.0;Meu primeiro pedido no app e no estabelecimento em questão! Deveras satisfeito!;Rango Bom Refeições Delivery;Restaurante;Cametá
5.0;5.0;5.0;Sem comentário;Açaí da Amazônia;Açaí;Cametá
5.0;5.0;5.0;Sem comentário;Açaí da Amazônia;Açaí;Cametá
5.0;5.0;5.0;Sem comentário;Açaí da Amazônia;Açaí;Cametá
5.0;5.0;5.0;Sem comentário;Açaí da Amazônia;Açaí;Cametá
5.0;4.0;5.0;Sem comentário;Açaí da Amazônia;Açaí;Cametá
5.0;5.0;5.0;Sem comentário;Açaí da Amazônia;Açaí;Cametá
5.0;5.0;5.0;Sem comentário;Égua do Milkshake e da Coxinha;Milkshake/Salgados;Cametá
5.0;5.0;5.0;Sem comentário;Égua do Milkshake e da Coxinha;Milkshake/Salgados;Cametá
5.0;5.0;5.0;Sem comentário;Égua do Milkshake e da Coxinha;Milkshake/Salgados;Cametá
1.0;1.0;1.0;Sem comentário;Égua do Milkshake e da Coxinha;Milkshake/Salgados;Cametá
5.0;5.0;5.0;Sem comentário;Égua do Milkshake e da Coxinha;Milkshake/Salgados;Cametá
5.0;5.0;5.0;Sem comentário;Égua do Milkshake e da Coxinha;Milkshake/Salgados;Cametá
1.0;1.0;1.0;Sem comentário;Hortifruti Ana Raquel;Frutas/Legumes;Oeiras
5.0;5.0;5.0;Sem comentário;Impérios Burguer;Lanches;Cametá
5.0;5.0;5.0;Sem comentário;Impérios Burguer;Lanches;Cametá
5.0;5.0;5.0;Sem comentário;Impérios Burguer;Lanches;Cametá
5.0;5.0;5.0;muito gostoso o lanche;Impérios Burguer;Lanches;Cametá
5.0;4.0;5.0;Sem comentário;Impérios Burguer;Lanches;Cametá
5.0;5.0;5.0;Sem comentário;Impérios Burguer;Lanches;Cametá
5.0;5.0;5.0;muito bom;Impérios Burguer;Lanches;Cametá
5.0;4.0;5.0;Sem comentário;Impérios Burguer;Lanches;Cametá
5.0;4.0;5.0;Sem comentário;Impérios Burguer;Lanches;Cametá
5.0;5.0;5.0;Sem comentário;Impérios Burguer;Lanches;Cametá
5.0;5.0;5.0;Sem comentário;Impérios Burguer;Lanches;Cametá
5.0;5.0;5.0;Sem comentário;Impérios Burguer;Lanches;Cametá
5.0;5.0;5.0;lanche de excelente qualidade;Impérios Burguer;Lanches;Cametá
5.0;4.0;5.0;Sem comentário;Impérios Burguer;Lanches;Cametá
5.0;5.0;5.0;Sem comentário;Impérios Burguer;Lanches;Cametá
5.0;4.0;5.0;Sem comentário;Impérios Burguer;Lanches;Cametá
2.0;1.0;1.0;Demora na entrega. Os pedidos não vieram identificados.;Impérios Burguer;Lanches;Cametá
5.0;5.0;5.0;Sem comentário;Impérios Burguer;Lanches;Cametá
5.0;5.0;5.0;Sem comentário;Impérios Burguer;Lanches;Cametá
5.0;5.0;5.0;Sem comentário;Impérios Burguer;Lanches;Cametá
5.0;3.0;5.0;Sem comentário;Impérios Burguer;Lanches;Cametá
5.0;5.0;5.0;Sem comentário;Impérios Burguer;Lanches;Cametá
5.0;3.0;5.0;Sem comentário;Impérios Burguer;Lanches;Cametá
5.0;4.0;5.0;Sem comentário;Impérios Burguer;Lanches;Cametá
5.0;5.0;5.0;Sem comentário;Impérios Burguer;Lanches;Cametá
5.0;5.0;5.0;Sem comentário;Impérios Burguer;Lanches;Cametá
5.0;5.0;5.0;Sem comentário;Impérios Burguer;Lanches;Cametá
5.0;5.0;5.0;muito bom♡;Impérios Burguer;Lanches;Cametá
5.0;5.0;5.0;Sem comentário;Impérios Burguer;Lanches;Cametá
5.0;5.0;5.0;Qualidade da comida excelente! Para a primeira entrega no meu endereço, foi bem rápida. Foram super atenciosos.;Restaurante Ki Delicia;Restaurante;Oeiras
5.0;4.0;5.0;Sem comentário;Restaurante Ki Delicia;Restaurante;Oeiras
5.0;1.0;5.0;Sem comentário;Restaurante Ki Delicia;Restaurante;Oeiras
5.0;1.0;5.0;melhor de Baião cariocas 😍;Cariocas Burguer;Lanches;Baião
5.0;4.0;5.0;Satisfeito com o atendimento!;Restaurante e Pizzaria Terrazzo Palace;Restaurante;Cametá
5.0;5.0;5.0;Sem comentário;Restaurante e Pizzaria Terrazzo Palace;Restaurante;Cametá
4.0;4.0;4.0;Sem comentário;Restaurante e Pizzaria Terrazzo Palace;Restaurante;Cametá
5.0;5.0;5.0;Sem comentário;Restaurante e Pizzaria Terrazzo Palace;Restaurante;Cametá
5.0;5.0;5.0;Sem comentário;Restaurante e Pizzaria Terrazzo Palace;Restaurante;Cametá
5.0;5.0;5.0;Sem comentário;Restaurante e Pizzaria Terrazzo Palace;Restaurante;Cametá
5.0;5.0;5.0;Sem comentário;Restaurante e Pizzaria Terrazzo Palace;Restaurante;Cametá
5.0;5.0;5.0;Sem comentário;Restaurante e Pizzaria Terrazzo Palace;Restaurante;Cametá
5.0;5.0;5.0;Sem comentário;Restaurante e Pizzaria Terrazzo Palace;Restaurante;Cametá
5.0;5.0;5.0;Sem comentário;Restaurante e Pizzaria Terrazzo Palace;Restaurante;Cametá
