quality_rating,waiting_time_rating,store_service_rating,comment_rating,name_store,niche,city
Muito satisfeito,Muito satisfeito,Muito satisfeito,Sem comentário,Companhia da Pizza,Pizzaria,Cametá
Muito satisfeito,Muito satisfeito,Muito satisfeito,Sem comentário,Companhia da Pizza,Pizzaria,Cametá
Muito satisfeito,Muito satisfeito,Muito satisfeito,Sem comentário,Companhia da Pizza,Pizzaria,Cametá
Muito satisfeito,Muito satisfeito,Muito satisfeito,Sem comentário,Companhia da Pizza,Pizzaria,Cametá
Muito satisfeito,Muito satisfeito,Muito satisfeito,Sem comentário,Companhia da Pizza,Pizzaria,Cametá
Muito satisfeito,Muito satisfeito,Muito satisfeito,Sem comentário,Companhia da Pizza,Pizzaria,Cametá
Muito satisfeito,Muito satisfeito,Muito satisfeito,Sem comentário,Companhia da Pizza,Pizzaria,Cametá
Muito satisfeito,Muito satisfeito,Muito satisfeito,Sem comentário,Companhia da Pizza,Pizzaria,Cametá
Muito satisfeito,Muito satisfeito,Muito satisfeito,Sem comentário,Companhia da Pizza,Pizzaria,Cametá
Muito satisfeito,Muito satisfeito,Muito satisfeito,Sem comentário,Companhia da Pizza,Pizzaria,Cametá
Muito satisfeito,Muito satisfeito,Muito satisfeito,Sem comentário,Companhia da Pizza,Pizzaria,Cametá
Muito satisfeito,Muito satisfeito,Muito satisfeito,excelente a pizza ,Companhia da Pizza,Pizzaria,Cametá
Satisfeito,Muito satisfeito,Muito insatisfeito,Sem comentário,Companhia da Pizza,Pizzaria,Cametá
Muito satisfeito,Muito satisfeito,Muito satisfeito,Sem comentário,Companhia da Pizza,Pizzaria,Cametá
Muito satisfeito,Muito satisfeito,Muito satisfeito,ótima pizza sabores e massa maravilhosos,Companhia da Pizza,Pizzaria,Cametá
Muito satisfeito,Muito satisfeito,Muito satisfeito,Sem comentário,Companhia da Pizza,Pizzaria,Cametá
Muito satisfeito,Muito satisfeito,Muito satisfeito,Sem comentário,Companhia da Pizza,Pizzaria,Cametá
Muito satisfeito,Muito insatisfeito,Muito satisfeito,olha a pizza estava uma delícia mas chegou muito fria tivemos q requentar  poderia vim mas quente sei q pode ter acontecido alguma coisa espero q não se repita,Companhia da Pizza,Pizzaria,Cametá
Muito satisfeito,Muito satisfeito,Muito satisfeito,Sem comentário,Companhia da Pizza,Pizzaria,Cametá
Muito satisfeito,Muito satisfeito,Muito satisfeito,Sem comentário,Companhia da Pizza,Pizzaria,Cametá
Muito satisfeito,Muito satisfeito,Muito satisfeito,Sem comentário,Companhia da Pizza,Pizzaria,Cametá
Neutro,Neutro,Neutro,Sem comentário,Companhia da Pizza,Pizzaria,Cametá
Neutro,Neutro,Neutro,Sem comentário,Companhia da Pizza,Pizzaria,Cametá
Muito satisfeito,Muito satisfeito,Muito satisfeito,Sem comentário,Companhia da Pizza,Pizzaria,Cametá
Muito satisfeito,Muito satisfeito,Muito satisfeito,Sem comentário,Companhia da Pizza,Pizzaria,Cametá
Muito satisfeito,Muito satisfeito,Muito satisfeito,Sem comentário,Companhia da Pizza,Pizzaria,Cametá
Muito insatisfeito,Muito insatisfeito,Muito insatisfeito,Sem comentário,Companhia da Pizza,Pizzaria,Cametá
Muito satisfeito,Muito satisfeito,Muito satisfeito,Sem comentário,Companhia da Pizza,Pizzaria,Cametá
Muito satisfeito,Muito insatisfeito,Muito insatisfeito,Sem comentário,Companhia da Pizza,Pizzaria,Cametá
Muito satisfeito,Muito satisfeito,Muito satisfeito,Sem comentário,Companhia da Pizza,Pizzaria,Cametá
Muito satisfeito,Muito satisfeito,Muito satisfeito,Sem comentário,Companhia da Pizza,Pizzaria,Cametá
Muito satisfeito,Satisfeito,Muito satisfeito,Sem comentário,Companhia da Pizza,Pizzaria,Cametá
Muito satisfeito,Neutro,Satisfeito,Sem comentário,Companhia da Pizza,Pizzaria,Cametá
Muito satisfeito,Muito satisfeito,Muito satisfeito,Sem comentário,Companhia da Pizza,Pizzaria,Cametá
Muito satisfeito,Muito satisfeito,Muito satisfeito,Sem comentário,Companhia da Pizza,Pizzaria,Cametá
Muito satisfeito,Muito satisfeito,Muito satisfeito,Sem comentário,Companhia da Pizza,Pizzaria,Cametá
Muito satisfeito,Muito satisfeito,Muito satisfeito,pizza boa demais,Companhia da Pizza,Pizzaria,Cametá
Neutro,Muito satisfeito,Insatisfeito,Sem comentário,Companhia da Pizza,Pizzaria,Cametá
Muito satisfeito,Muito satisfeito,Muito satisfeito,Sem comentário,Companhia da Pizza,Pizzaria,Cametá
Muito satisfeito,Muito satisfeito,Muito satisfeito,Sem comentário,Companhia da Pizza,Pizzaria,Cametá
Muito satisfeito,Muito satisfeito,Muito satisfeito,Sem comentário,Companhia da Pizza,Pizzaria,Cametá
Muito satisfeito,Muito satisfeito,Muito satisfeito,Sem comentário,Companhia da Pizza,Pizzaria,Cametá
Satisfeito,Satisfeito,Satisfeito,Sem comentário,Companhia da Pizza,Pizzaria,Cametá
Muito satisfeito,Muito satisfeito,Muito satisfeito,Sem comentário,Companhia da Pizza,Pizzaria,Cametá
Muito satisfeito,Muito satisfeito,Muito satisfeito,Sem comentário,Companhia da Pizza,Pizzaria,Cametá
Muito satisfeito,Muito satisfeito,Muito satisfeito,Sem comentário,Companhia da Pizza,Pizzaria,Cametá
Muito satisfeito,Muito satisfeito,Muito satisfeito,Sem comentário,Companhia da Pizza,Pizzaria,Cametá
Muito satisfeito,Muito satisfeito,Muito satisfeito,Sem comentário,Companhia da Pizza,Pizzaria,Cametá
Muito satisfeito,Muito satisfeito,Muito satisfeito,Sem comentário,Companhia da Pizza,Pizzaria,Cametá
Muito satisfeito,Muito satisfeito,Muito satisfeito,Sem comentário,Companhia da Pizza,Pizzaria,Cametá
Muito satisfeito,Muito satisfeito,Muito satisfeito,maravilhosa,Companhia da Pizza,Pizzaria,Cametá
Neutro,Muito insatisfeito,Muito insatisfeito,demorou muito a entrega,Companhia da Pizza,Pizzaria,Cametá
Muito satisfeito,Muito satisfeito,Muito satisfeito,Entregadora muito educada,Companhia da Pizza,Pizzaria,Cametá
Muito satisfeito,Satisfeito,Satisfeito,Sem comentário,Companhia da Pizza,Pizzaria,Cametá
Muito satisfeito,Muito satisfeito,Muito satisfeito,Sem comentário,Companhia da Pizza,Pizzaria,Cametá
Muito satisfeito,Muito satisfeito,Muito satisfeito,Sem comentário,Companhia da Pizza,Pizzaria,Cametá
Muito satisfeito,Muito satisfeito,Muito satisfeito,Sem comentário,Companhia da Pizza,Pizzaria,Cametá
Muito satisfeito,Muito satisfeito,Muito satisfeito,Sem comentário,Companhia da Pizza,Pizzaria,Cametá
Muito satisfeito,Muito satisfeito,Muito satisfeito,Sem comentário,Companhia da Pizza,Pizzaria,Cametá
Muito satisfeito,Muito satisfeito,Muito satisfeito,Sem comentário,Companhia da Pizza,Pizzaria,Cametá
Muito satisfeito,Muito satisfeito,Muito satisfeito,Sem comentário,Companhia da Pizza,Pizzaria,Cametá
Muito satisfeito,Muito satisfeito,Muito satisfeito,Sem comentário,Companhia da Pizza,Pizzaria,Cametá
Neutro,Muito insatisfeito,Neutro,Podiam trabalhar com o tempo de previsão sem isso o cliente fica sem saber qual horas vai comer criança e adolescente reclamam,Companhia da Pizza,Pizzaria,Cametá
Muito satisfeito,Muito satisfeito,Muito satisfeito,Sem comentário,Companhia da Pizza,Pizzaria,Cametá
Muito satisfeito,Muito satisfeito,Muito satisfeito,Sem comentário,Companhia da Pizza,Pizzaria,Cametá
Muito satisfeito,Muito satisfeito,Muito satisfeito,ótima pizza e entrega muito rápida,Companhia da Pizza,Pizzaria,Cametá
Muito satisfeito,Muito satisfeito,Muito satisfeito,Sem comentário,Companhia da Pizza,Pizzaria,Cametá
Muito satisfeito,Muito satisfeito,Muito satisfeito,Sem comentário,Companhia da Pizza,Pizzaria,Cametá
Muito satisfeito,Muito satisfeito,Muito satisfeito,Sem comentário,Companhia da Pizza,Pizzaria,Cametá
Muito satisfeito,Muito satisfeito,Muito satisfeito,pizza deliciosa,Companhia da Pizza,Pizzaria,Cametá
Muito satisfeito,Muito satisfeito,Muito satisfeito,Sem comentário,Companhia da Pizza,Pizzaria,Cametá
Muito satisfeito,Muito satisfeito,Muito satisfeito,Sem comentário,Companhia da Pizza,Pizzaria,Cametá
Muito satisfeito,Muito satisfeito,Muito satisfeito,Sem comentário,Companhia da Pizza,Pizzaria,Cametá
Muito satisfeito,Muito satisfeito,Muito satisfeito,Atendimento invejável,Companhia da Pizza,Pizzaria,Cametá
Muito satisfeito,Insatisfeito,Muito satisfeito,O produto é excelente a loja impecável Porém deixa muito a desejar na entrega tem que rever o tempo nas vezes que pedir via delivery tive que aguardar quase duas horas pra receber o pedido Iria dar uma estrela na entrega porém o entregador é um rapaz humilde humilde educado por isso aumentei para duas,Companhia da Pizza,Pizzaria,Cametá
Muito satisfeito,Muito satisfeito,Muito satisfeito,Sem comentário,Companhia da Pizza,Pizzaria,Cametá
Muito satisfeito,Muito satisfeito,Muito satisfeito,Sem comentário,Companhia da Pizza,Pizzaria,Cametá
Muito insatisfeito,Muito insatisfeito,Muito insatisfeito,Sem comentário,Companhia da Pizza,Pizzaria,Cametá
Muito insatisfeito,Muito insatisfeito,Muito satisfeito,Sem comentário,Companhia da Pizza,Pizzaria,Cametá
Muito satisfeito,Muito satisfeito,Muito satisfeito,Sem comentário,Companhia da Pizza,Pizzaria,Cametá
Muito insatisfeito,Muito satisfeito,Neutro,Sem comentário,Companhia da Pizza,Pizzaria,Cametá
Muito satisfeito,Muito satisfeito,Muito satisfeito,Sem comentário,Companhia da Pizza,Pizzaria,Cametá
Muito satisfeito,Muito satisfeito,Muito satisfeito,Sem comentário,Companhia da Pizza,Pizzaria,Cametá
Muito satisfeito,Muito satisfeito,Muito satisfeito,Sem comentário,Companhia da Pizza,Pizzaria,Cametá
Muito satisfeito,Muito satisfeito,Muito satisfeito,Sem comentário,Companhia da Pizza,Pizzaria,Cametá
Muito satisfeito,Muito satisfeito,Muito satisfeito,Sem comentário,Companhia da Pizza,Pizzaria,Cametá
Muito satisfeito,Muito satisfeito,Muito satisfeito,Sem comentário,Companhia da Pizza,Pizzaria,Cametá
Muito satisfeito,Muito satisfeito,Muito satisfeito,Sem comentário,Companhia da Pizza,Pizzaria,Cametá
Muito satisfeito,Muito satisfeito,Muito satisfeito,Sem comentário,Companhia da Pizza,Pizzaria,Cametá
Muito satisfeito,Muito satisfeito,Muito satisfeito,Sem comentário,Companhia da Pizza,Pizzaria,Cametá
Muito insatisfeito,Muito insatisfeito,Muito satisfeito,Sem comentário,Companhia da Pizza,Pizzaria,Cametá
Muito satisfeito,Muito satisfeito,Muito satisfeito,Sem comentário,Companhia da Pizza,Pizzaria,Cametá
Muito satisfeito,Muito satisfeito,Muito satisfeito,Sem comentário,Companhia da Pizza,Pizzaria,Cametá
Muito satisfeito,Muito satisfeito,Muito satisfeito,Sem comentário,Companhia da Pizza,Pizzaria,Cametá
Muito satisfeito,Satisfeito,Muito satisfeito,Muito bom,Companhia da Pizza,Pizzaria,Cametá
Muito satisfeito,Muito satisfeito,Muito satisfeito,Sem comentário,Caju do Vovô,Sucos Naturais,Cametá
Muito satisfeito,Muito satisfeito,Muito satisfeito,Sem comentário,Assados Bom Gosto,Restaurante,Cametá
Muito satisfeito,Muito satisfeito,Muito satisfeito,Sem comentário,Assados Bom Gosto,Restaurante,Cametá
Muito satisfeito,Muito satisfeito,Muito satisfeito,Sem comentário,Assados Bom Gosto,Restaurante,Cametá
Muito satisfeito,Muito satisfeito,Muito satisfeito,Sem comentário,Assados Bom Gosto,Restaurante,Cametá
Muito satisfeito,Muito satisfeito,Muito satisfeito,Sem comentário,Assados Bom Gosto,Restaurante,Cametá
Muito satisfeito,Muito satisfeito,Muito satisfeito,Sem comentário,Assados Bom Gosto,Restaurante,Cametá
Muito satisfeito,Satisfeito,Muito satisfeito,Sem comentário,Assados Bom Gosto,Restaurante,Cametá
Muito satisfeito,Muito satisfeito,Muito satisfeito,Sem comentário,Loukitos Doces e Salgados,Salgados,Cametá
Muito satisfeito,Muito satisfeito,Muito satisfeito,ótimos salgados,Loukitos Doces e Salgados,Salgados,Cametá
Muito satisfeito,Muito satisfeito,Muito satisfeito,entregar excelente e sabor dos salgadinhos muito delicioso,Loukitos Doces e Salgados,Salgados,Cametá
Muito satisfeito,Muito satisfeito,Muito satisfeito,Sem comentário,Loukitos Doces e Salgados,Salgados,Cametá
Muito satisfeito,Muito satisfeito,Muito satisfeito,Sem comentário,Loukitos Doces e Salgados,Salgados,Cametá
Muito satisfeito,Muito satisfeito,Muito satisfeito,Sem comentário,Loukitos Doces e Salgados,Salgados,Cametá
Muito satisfeito,Muito satisfeito,Muito satisfeito,Sem comentário,Loukitos Doces e Salgados,Salgados,Cametá
Muito satisfeito,Muito satisfeito,Muito satisfeito,Sem comentário,Loukitos Doces e Salgados,Salgados,Cametá
Muito satisfeito,Muito satisfeito,Muito satisfeito,Sem comentário,Loukitos Doces e Salgados,Salgados,Cametá
Satisfeito,Muito insatisfeito,Insatisfeito,Sem comentário,Loukitos Doces e Salgados,Salgados,Cametá
Insatisfeito,Insatisfeito,Muito satisfeito,Sem comentário,Loukitos Doces e Salgados,Salgados,Cametá
Muito satisfeito,Muito satisfeito,Muito satisfeito,Sem comentário,Loukitos Doces e Salgados,Salgados,Cametá
Muito satisfeito,Muito satisfeito,Muito satisfeito,Sem comentário,Loukitos Doces e Salgados,Salgados,Cametá
Muito satisfeito,Muito satisfeito,Muito satisfeito,Sem comentário,Loukitos Doces e Salgados,Salgados,Cametá
Muito satisfeito,Muito satisfeito,Muito satisfeito,Sem comentário,Loukitos Doces e Salgados,Salgados,Cametá
Satisfeito,Satisfeito,Satisfeito,Sem comentário,Loukitos Doces e Salgados,Salgados,Cametá
Satisfeito,Satisfeito,Muito satisfeito,Sem comentário,Loukitos Doces e Salgados,Salgados,Cametá
Muito satisfeito,Muito satisfeito,Muito satisfeito,Sem comentário,Loukitos Doces e Salgados,Salgados,Cametá
Muito satisfeito,Muito satisfeito,Muito satisfeito,Sem comentário,Loukitos Doces e Salgados,Salgados,Cametá
Muito satisfeito,Muito satisfeito,Muito satisfeito,Sem comentário,Loukitos Doces e Salgados,Salgados,Cametá
Muito satisfeito,Muito satisfeito,Muito satisfeito,Sem comentário,Loukitos Doces e Salgados,Salgados,Cametá
Satisfeito,Muito satisfeito,Muito satisfeito,Sem comentário,Loukitos Doces e Salgados,Salgados,Cametá
Neutro,Neutro,Neutro,Sem comentário,Loukitos Doces e Salgados,Salgados,Cametá
Muito satisfeito,Muito satisfeito,Muito satisfeito,Sem comentário,Loukitos Doces e Salgados,Salgados,Cametá
Muito satisfeito,Muito satisfeito,Muito satisfeito,Sem comentário,Loukitos Doces e Salgados,Salgados,Cametá
Muito satisfeito,Muito satisfeito,Muito satisfeito,Sem comentário,Loukitos Doces e Salgados,Salgados,Cametá
Muito insatisfeito,Muito insatisfeito,Muito insatisfeito,Sem comentário,Loukitos Doces e Salgados,Salgados,Cametá
Muito satisfeito,Muito satisfeito,Muito satisfeito,Sem comentário,Loukitos Doces e Salgados,Salgados,Cametá
Muito satisfeito,Muito satisfeito,Muito satisfeito,muito bom obrigada ,Loukitos Doces e Salgados,Salgados,Cametá
Muito insatisfeito,Insatisfeito,Muito insatisfeito,As cozinhas estavam estragadas,Loukitos Doces e Salgados,Salgados,Cametá
Muito insatisfeito,Muito insatisfeito,Muito insatisfeito,Sem comentário,Loukitos Doces e Salgados,Salgados,Cametá
Muito satisfeito,Insatisfeito,Muito satisfeito,Sem comentário,Loukitos Doces e Salgados,Salgados,Cametá
Muito satisfeito,Muito satisfeito,Muito satisfeito,Sem comentário,Loukitos Doces e Salgados,Salgados,Cametá
Muito satisfeito,Muito satisfeito,Muito satisfeito,Sem comentário,D Chapa,Restaurante,Cametá
Muito satisfeito,Muito satisfeito,Muito satisfeito,Entrega super rápida,D Chapa,Restaurante,Cametá
Muito satisfeito,Muito satisfeito,Muito satisfeito,Sem comentário,D Chapa,Restaurante,Cametá
Muito satisfeito,Muito satisfeito,Muito satisfeito,Sem comentário,D Chapa,Restaurante,Cametá
Muito satisfeito,Muito satisfeito,Muito satisfeito,ótimo atendimento super recomendo,Imperial Delivery da Cerveja,Bebidas,Cametá
Muito satisfeito,Muito satisfeito,Muito satisfeito,Sem comentário,Imperial Delivery da Cerveja,Bebidas,Cametá
Muito satisfeito,Muito satisfeito,Muito satisfeito,Sem comentário,Imperial Delivery da Cerveja,Bebidas,Cametá
Muito satisfeito,Muito satisfeito,Muito satisfeito,Sem comentário,Brejas Express,Bebidas,Cametá
Muito satisfeito,Muito satisfeito,Muito satisfeito,Sem comentário,Brejas Express,Bebidas,Cametá
Muito satisfeito,Muito satisfeito,Muito satisfeito,Sem comentário,Brejas Express,Bebidas,Cametá
Muito satisfeito,Muito satisfeito,Muito satisfeito,Sem comentário,Brejas Express,Bebidas,Cametá
Muito satisfeito,Muito satisfeito,Muito satisfeito,Sem comentário,Brejas Express,Bebidas,Cametá
Muito satisfeito,Muito satisfeito,Muito satisfeito,Sem comentário,Brejas Express,Bebidas,Cametá
Muito satisfeito,Muito satisfeito,Muito satisfeito,Sem comentário,Brejas Express,Bebidas,Cametá
Muito satisfeito,Muito satisfeito,Muito satisfeito,Sem comentário,Brejas Express,Bebidas,Cametá
Muito satisfeito,Muito satisfeito,Muito satisfeito,Sem comentário,Brejas Express,Bebidas,Cametá
Satisfeito,Muito insatisfeito,Muito insatisfeito,Sem comentário,Brejas Express,Bebidas,Cametá
Muito insatisfeito,Muito insatisfeito,Muito insatisfeito,cobra taxa indevida no uso da maquinha sem prévio aviso,Brejas Express,Bebidas,Cametá
Muito satisfeito,Muito satisfeito,Muito satisfeito,Sem comentário,Brejas Express,Bebidas,Cametá
Muito satisfeito,Muito satisfeito,Muito satisfeito,Sem comentário,Brejas Express,Bebidas,Cametá
Muito satisfeito,Muito satisfeito,Muito satisfeito,Sem comentário,Brejas Express,Bebidas,Cametá
Muito satisfeito,Muito satisfeito,Muito satisfeito,Sem comentário,Brejas Express,Bebidas,Cametá
Muito satisfeito,Muito satisfeito,Muito satisfeito,Sem comentário,Brejas Express,Bebidas,Cametá
Muito satisfeito,Muito satisfeito,Muito satisfeito,Sem comentário,Brejas Express,Bebidas,Cametá
Muito satisfeito,Muito satisfeito,Muito satisfeito,Sem comentário,Brejas Express,Bebidas,Cametá
Muito satisfeito,Muito satisfeito,Muito satisfeito,Sem comentário,Brejas Express,Bebidas,Cametá
Muito satisfeito,Muito satisfeito,Muito satisfeito,Sem comentário,Brejas Express,Bebidas,Cametá
Satisfeito,Satisfeito,Satisfeito,Sem comentário,Brejas Express,Bebidas,Cametá
Satisfeito,Satisfeito,Satisfeito,Sem comentário,Brejas Express,Bebidas,Cametá
Satisfeito,Satisfeito,Satisfeito,Sem comentário,Brejas Express,Bebidas,Cametá
Neutro,Neutro,Neutro,Sem comentário,Brejas Express,Bebidas,Cametá
Muito satisfeito,Muito satisfeito,Muito satisfeito,Sem comentário,Brejas Express,Bebidas,Cametá
Muito satisfeito,Muito satisfeito,Muito satisfeito,Sem comentário,Brejas Express,Bebidas,Cametá
Muito satisfeito,Muito satisfeito,Muito satisfeito,Sem comentário,Brejas Express,Bebidas,Cametá
Muito satisfeito,Muito satisfeito,Muito satisfeito,Sem comentário,Brejas Express,Bebidas,Cametá
Muito satisfeito,Muito satisfeito,Muito satisfeito,Sem comentário,Brejas Express,Bebidas,Cametá
Muito satisfeito,Muito satisfeito,Muito satisfeito,Sem comentário,Brejas Express,Bebidas,Cametá
Muito satisfeito,Muito satisfeito,Muito satisfeito,Sem comentário,Brejas Express,Bebidas,Cametá
Muito satisfeito,Muito satisfeito,Muito satisfeito,Sem comentário,Brejas Express,Bebidas,Cametá
Muito satisfeito,Satisfeito,Muito satisfeito,Sem comentário,Brejas Express,Bebidas,Cametá
Muito satisfeito,Satisfeito,Muito satisfeito,Sem comentário,Brejas Express,Bebidas,Cametá
Muito satisfeito,Muito satisfeito,Muito satisfeito,Excelente pizzaria,Pizzaria e Sorveteria Zero Grau,Pizzaria,Cametá
Muito satisfeito,Muito satisfeito,Muito satisfeito,Sem comentário,Pizzaria e Sorveteria Zero Grau,Pizzaria,Cametá
Muito satisfeito,Muito satisfeito,Muito satisfeito,Sem comentário,Pizzaria e Sorveteria Zero Grau,Pizzaria,Cametá
Muito satisfeito,Muito satisfeito,Muito satisfeito,Sem comentário,Pizzaria e Sorveteria Zero Grau,Pizzaria,Cametá
Muito satisfeito,Muito satisfeito,Muito satisfeito,Sem comentário,Pizzaria e Sorveteria Zero Grau,Pizzaria,Cametá
Muito satisfeito,Muito satisfeito,Muito satisfeito,Sem comentário,Pizzaria e Sorveteria Zero Grau,Pizzaria,Cametá
Muito satisfeito,Muito satisfeito,Muito satisfeito,Sem comentário,Pizzaria e Sorveteria Zero Grau,Pizzaria,Cametá
Muito satisfeito,Muito satisfeito,Muito satisfeito,Sem comentário,Pizzaria e Sorveteria Zero Grau,Pizzaria,Cametá
Muito satisfeito,Muito satisfeito,Muito satisfeito,Sem comentário,Pizzaria e Sorveteria Zero Grau,Pizzaria,Cametá
Muito satisfeito,Muito satisfeito,Muito satisfeito,Sem comentário,Pizzaria e Sorveteria Zero Grau,Pizzaria,Cametá
Muito satisfeito,Muito satisfeito,Muito satisfeito,Sem comentário,Pizzaria e Sorveteria Zero Grau,Pizzaria,Cametá
Muito satisfeito,Muito satisfeito,Muito satisfeito,Sem comentário,Pizzaria e Sorveteria Zero Grau,Pizzaria,Cametá
Muito satisfeito,Muito satisfeito,Muito satisfeito,Sem comentário,Pizzaria e Sorveteria Zero Grau,Pizzaria,Cametá
Muito satisfeito,Muito satisfeito,Muito satisfeito,Sem comentário,Pizzaria e Sorveteria Zero Grau,Pizzaria,Cametá
Muito satisfeito,Muito satisfeito,Muito satisfeito,Sem comentário,Pizzaria e Sorveteria Zero Grau,Pizzaria,Cametá
Muito satisfeito,Muito satisfeito,Muito satisfeito,Sem comentário,Pizzaria e Sorveteria Zero Grau,Pizzaria,Cametá
Muito satisfeito,Muito satisfeito,Muito satisfeito,Sem comentário,Pizzaria e Sorveteria Zero Grau,Pizzaria,Cametá
Muito satisfeito,Muito satisfeito,Muito satisfeito,entrega rápida,Peixe Luxo,Restaurante,Baião
Muito satisfeito,Muito satisfeito,Muito satisfeito,super indico ,Peixe Luxo,Restaurante,Baião
Muito satisfeito,Muito satisfeito,Muito satisfeito,Sem comentário,Casa da Pizza,Pizzaria,Cametá
Muito satisfeito,Muito satisfeito,Muito satisfeito,Refrigerante bom ,Casa da Pizza,Pizzaria,Cametá
Muito satisfeito,Muito satisfeito,Muito satisfeito,Pizza barata e deliciosa,Casa da Pizza,Pizzaria,Cametá
Muito satisfeito,Muito satisfeito,Muito satisfeito,Sem comentário,Casa da Pizza,Pizzaria,Cametá
Muito satisfeito,Muito satisfeito,Muito satisfeito,Sem comentário,Casa da Pizza,Pizzaria,Cametá
Muito satisfeito,Muito satisfeito,Muito satisfeito,Sem comentário,Casa da Pizza,Pizzaria,Cametá
Satisfeito,Neutro,Satisfeito,seria muito bom se tivesse localização em tempo real da entrega  fora isso tudo muito bom,Casa da Pizza,Pizzaria,Cametá
Muito satisfeito,Satisfeito,Muito satisfeito,Tava uma delícia,Casa da Pizza,Pizzaria,Cametá
Satisfeito,Insatisfeito,Satisfeito,Sem comentário,Casa da Pizza,Pizzaria,Cametá
Muito insatisfeito,Muito insatisfeito,Muito insatisfeito,Sem comentário,Casa da Pizza,Pizzaria,Cametá
Muito satisfeito,Muito satisfeito,Muito satisfeito,Sem comentário,Casa da Pizza,Pizzaria,Cametá
Muito satisfeito,Muito satisfeito,Muito satisfeito,Sem comentário,Casa da Pizza,Pizzaria,Cametá
Muito satisfeito,Muito satisfeito,Muito satisfeito,Sem comentário,Casa da Pizza,Pizzaria,Cametá
Muito satisfeito,Muito satisfeito,Muito satisfeito,Sem comentário,Casa da Pizza,Pizzaria,Cametá
Muito satisfeito,Muito satisfeito,Muito satisfeito,Sem comentário,Casa da Pizza,Pizzaria,Cametá
Muito satisfeito,Muito satisfeito,Muito satisfeito,Sem comentário,Casa da Pizza,Pizzaria,Cametá
Muito satisfeito,Muito satisfeito,Muito satisfeito,Sem comentário,Casa da Pizza,Pizzaria,Cametá
Muito satisfeito,Muito satisfeito,Muito satisfeito,Sem comentário,Casa da Pizza,Pizzaria,Cametá
Muito satisfeito,Muito satisfeito,Muito satisfeito,Sem comentário,Casa da Pizza,Pizzaria,Cametá
Muito satisfeito,Muito insatisfeito,Muito satisfeito,Sem comentário,Casa da Pizza,Pizzaria,Cametá
Muito satisfeito,Muito insatisfeito,Muito satisfeito,Pizza saborosa massa leve delícia mesmo e o preço melhor ainda rsrsrs,Casa da Pizza,Pizzaria,Cametá
Muito satisfeito,Muito satisfeito,Muito satisfeito,Sem comentário,Casa da Pizza,Pizzaria,Cametá
Muito satisfeito,Muito satisfeito,Muito satisfeito,Sem comentário,Casa da Pizza,Pizzaria,Cametá
Muito satisfeito,Muito satisfeito,Muito satisfeito,ganharam um cliente eu amei,Casa da Pizza,Pizzaria,Cametá
Muito satisfeito,Muito satisfeito,Muito satisfeito,Sem comentário,Casa da Pizza,Pizzaria,Cametá
Muito satisfeito,Muito satisfeito,Muito satisfeito,Sem comentário,Casa da Pizza,Pizzaria,Cametá
Muito satisfeito,Muito satisfeito,Muito satisfeito,Uma  delícia Arrasouobrigada,Casa da Pizza,Pizzaria,Cametá
Muito satisfeito,Muito satisfeito,Muito satisfeito,Sem comentário,Casa da Pizza,Pizzaria,Cametá
Muito satisfeito,Muito satisfeito,Muito satisfeito,Sem comentário,Casa da Pizza,Pizzaria,Cametá
Satisfeito,Satisfeito,Muito satisfeito,Sem comentário,Casa da Pizza,Pizzaria,Cametá
Muito satisfeito,Satisfeito,Muito satisfeito,Sem comentário,Casa da Pizza,Pizzaria,Cametá
Muito satisfeito,Muito satisfeito,Muito satisfeito,Sem comentário,Casa da Pizza,Pizzaria,Cametá
Muito satisfeito,Muito satisfeito,Muito satisfeito,Sem comentário,Casa da Pizza,Pizzaria,Cametá
Muito satisfeito,Satisfeito,Muito satisfeito,Sem comentário,Casa da Pizza,Pizzaria,Cametá
Muito satisfeito,Muito satisfeito,Muito satisfeito,Sem comentário,Casa da Pizza,Pizzaria,Cametá
Muito satisfeito,Muito satisfeito,Muito satisfeito,Sem comentário,Casa da Pizza,Pizzaria,Cametá
Muito satisfeito,Muito satisfeito,Muito satisfeito,pizza deliciosa e barata,Casa da Pizza,Pizzaria,Cametá
Muito satisfeito,Muito satisfeito,Muito insatisfeito,Pizza saborosa,Casa da Pizza,Pizzaria,Cametá
Muito satisfeito,Neutro,Muito satisfeito,Sem comentário,Casa da Pizza,Pizzaria,Cametá
Neutro,Muito insatisfeito,Muito insatisfeito,Sem comentário,Casa da Pizza,Pizzaria,Cametá
Muito satisfeito,Muito satisfeito,Muito insatisfeito,Sem comentário,Casa da Pizza,Pizzaria,Cametá
Muito satisfeito,Muito satisfeito,Muito satisfeito,Sem comentário,Casa da Pizza,Pizzaria,Cametá
Muito satisfeito,Muito satisfeito,Muito satisfeito,Sem comentário,Casa da Pizza,Pizzaria,Cametá
Muito satisfeito,Muito satisfeito,Muito satisfeito,Sem comentário,Casa da Pizza,Pizzaria,Cametá
Muito satisfeito,Muito insatisfeito,Muito satisfeito,Sem comentário,Casa da Pizza,Pizzaria,Cametá
Muito satisfeito,Muito satisfeito,Muito satisfeito,Sem comentário,Casa da Pizza,Pizzaria,Cametá
Muito satisfeito,Muito satisfeito,Muito satisfeito,Sem comentário,Casa da Pizza,Pizzaria,Cametá
Muito satisfeito,Muito satisfeito,Muito satisfeito,Sem comentário,Casa da Pizza,Pizzaria,Cametá
Muito satisfeito,Muito satisfeito,Muito satisfeito,Sem comentário,Casa da Pizza,Pizzaria,Cametá
Neutro,Muito satisfeito,Neutro,Sem comentário,Casa da Pizza,Pizzaria,Cametá
Muito insatisfeito,Muito insatisfeito,Muito insatisfeito,Sem comentário,Casa da Pizza,Pizzaria,Cametá
Muito satisfeito,Muito satisfeito,Muito satisfeito,Sem comentário,Casa da Pizza,Pizzaria,Cametá
Satisfeito,Satisfeito,Muito insatisfeito,demorou para responder melhore,Guaraná 2 Irmãos,Guaraná,Cametá
Neutro,Insatisfeito,Insatisfeito,Sem comentário,Guaraná 2 Irmãos,Guaraná,Cametá
Muito satisfeito,Muito satisfeito,Muito satisfeito,Sem comentário,Guaraná 2 Irmãos,Guaraná,Cametá
Muito satisfeito,Muito satisfeito,Muito satisfeito,Sem comentário,Guaraná 2 Irmãos,Guaraná,Cametá
Muito satisfeito,Muito satisfeito,Muito satisfeito,Sem comentário,Guaraná 2 Irmãos,Guaraná,Cametá
Satisfeito,Satisfeito,Muito satisfeito,Sem comentário,Guaraná 2 Irmãos,Guaraná,Cametá
Muito satisfeito,Muito satisfeito,Muito satisfeito,Sem comentário,Guaraná 2 Irmãos,Guaraná,Cametá
Muito satisfeito,Muito satisfeito,Muito satisfeito,Sem comentário,Guaraná 2 Irmãos,Guaraná,Cametá
Muito satisfeito,Muito satisfeito,Muito satisfeito,Sem comentário,Guaraná 2 Irmãos,Guaraná,Cametá
Muito satisfeito,Muito satisfeito,Muito satisfeito,Sem comentário,Guaraná 2 Irmãos,Guaraná,Cametá
Muito satisfeito,Muito satisfeito,Muito satisfeito,Sem comentário,Guaraná 2 Irmãos,Guaraná,Cametá
Muito satisfeito,Muito satisfeito,Muito satisfeito,Sem comentário,Guaraná 2 Irmãos,Guaraná,Cametá
Muito satisfeito,Satisfeito,Muito satisfeito,Sem comentário,Guaraná 2 Irmãos,Guaraná,Cametá
Muito satisfeito,Muito satisfeito,Muito satisfeito,Sem comentário,Guaraná 2 Irmãos,Guaraná,Cametá
Muito satisfeito,Muito satisfeito,Muito satisfeito,Sem comentário,Guaraná 2 Irmãos,Guaraná,Cametá
Muito satisfeito,Muito satisfeito,Muito satisfeito,Sem comentário,Guaraná 2 Irmãos,Guaraná,Cametá
Muito satisfeito,Muito satisfeito,Muito satisfeito,Sem comentário,Guaraná 2 Irmãos,Guaraná,Cametá
Muito satisfeito,Muito satisfeito,Muito satisfeito,Sem comentário,Guaraná 2 Irmãos,Guaraná,Cametá
Muito satisfeito,Muito satisfeito,Muito satisfeito,Sem comentário,Guaraná 2 Irmãos,Guaraná,Cametá
Muito satisfeito,Muito satisfeito,Muito satisfeito,Sem comentário,Guaraná 2 Irmãos,Guaraná,Cametá
Muito satisfeito,Muito satisfeito,Muito satisfeito,Sem comentário,Divino Lanche,Lanches,Cametá
Muito satisfeito,Muito satisfeito,Muito satisfeito,Sem comentário,Divino Lanche,Lanches,Cametá
Muito satisfeito,Muito satisfeito,Muito satisfeito,Sem comentário,Divino Lanche,Lanches,Cametá
Muito satisfeito,Muito satisfeito,Muito satisfeito,Sem comentário,Divino Lanche,Lanches,Cametá
Muito satisfeito,Muito satisfeito,Muito satisfeito,Sem comentário,Divino Lanche,Lanches,Cametá
Satisfeito,Muito satisfeito,Muito satisfeito,Sem comentário,Divino Lanche,Lanches,Cametá
Muito satisfeito,Muito satisfeito,Muito satisfeito,Sem comentário,Divino Lanche,Lanches,Cametá
Muito satisfeito,Muito insatisfeito,Muito satisfeito,Sem comentário,Divino Lanche,Lanches,Cametá
Muito satisfeito,Muito satisfeito,Muito satisfeito,Sem comentário,Divino Lanche,Lanches,Cametá
Muito satisfeito,Muito satisfeito,Muito satisfeito,Sem comentário,Divino Lanche,Lanches,Cametá
Muito satisfeito,Muito satisfeito,Muito satisfeito,Sem comentário,Divino Lanche,Lanches,Cametá
Muito satisfeito,Muito satisfeito,Muito satisfeito,Sem comentário,Divino Lanche,Lanches,Cametá
Satisfeito,Satisfeito,Muito satisfeito,Sem comentário,Divino Lanche,Lanches,Cametá
Muito satisfeito,Muito satisfeito,Muito satisfeito,Sem comentário,Divino Lanche,Lanches,Cametá
Muito satisfeito,Muito satisfeito,Muito satisfeito,Sem comentário,Divino Lanche,Lanches,Cametá
Muito satisfeito,Muito satisfeito,Muito satisfeito,Excelente,Divino Lanche,Lanches,Cametá
Muito satisfeito,Muito satisfeito,Muito satisfeito,Sem comentário,Divino Lanche,Lanches,Cametá
Muito satisfeito,Satisfeito,Muito satisfeito,Sem comentário,Divino Lanche,Lanches,Cametá
Muito satisfeito,Muito satisfeito,Muito satisfeito,Sem comentário,Divino Lanche,Lanches,Cametá
Muito satisfeito,Muito satisfeito,Muito satisfeito,Sem comentário,Divino Lanche,Lanches,Cametá
Muito satisfeito,Muito satisfeito,Muito satisfeito,Sem comentário,Divino Lanche,Lanches,Cametá
Muito satisfeito,Muito satisfeito,Muito satisfeito,Sem comentário,Divino Lanche,Lanches,Cametá
Muito satisfeito,Muito satisfeito,Muito satisfeito,Sem comentário,Divino Lanche,Lanches,Cametá
Muito satisfeito,Muito satisfeito,Muito satisfeito,Sem comentário,Divino Lanche,Lanches,Cametá
Muito satisfeito,Muito satisfeito,Muito satisfeito,Sem comentário,Divino Lanche,Lanches,Cametá
Muito satisfeito,Muito satisfeito,Muito satisfeito,Sem comentário,Divino Lanche,Lanches,Cametá
Muito satisfeito,Muito satisfeito,Muito satisfeito,Sem comentário,Divino Lanche,Lanches,Cametá
Muito satisfeito,Muito satisfeito,Muito satisfeito,Sem comentário,Divino Lanche,Lanches,Cametá
Muito satisfeito,Muito insatisfeito,Neutro,Sem comentário,Divino Lanche,Lanches,Cametá
Muito satisfeito,Muito satisfeito,Muito satisfeito,Sem comentário,Divino Lanche,Lanches,Cametá
Muito satisfeito,Muito satisfeito,Muito satisfeito,Sem comentário,Divino Lanche,Lanches,Cametá
Muito satisfeito,Insatisfeito,Muito satisfeito,Sem comentário,Divino Lanche,Lanches,Cametá
Muito satisfeito,Muito satisfeito,Muito satisfeito,Sem comentário,Divino Lanche,Lanches,Cametá
Muito satisfeito,Muito satisfeito,Muito satisfeito,Sem comentário,Divino Lanche,Lanches,Cametá
Muito satisfeito,Muito satisfeito,Muito satisfeito,Sem comentário,Divino Lanche,Lanches,Cametá
Muito satisfeito,Muito satisfeito,Muito satisfeito,Sem comentário,Divino Lanche,Lanches,Cametá
Muito satisfeito,Muito satisfeito,Muito satisfeito,Sem comentário,Divino Lanche,Lanches,Cametá
Satisfeito,Satisfeito,Satisfeito,Sem comentário,Divino Lanche,Lanches,Cametá
Muito satisfeito,Satisfeito,Muito satisfeito,Sem comentário,Divino Lanche,Lanches,Cametá
Muito satisfeito,Muito satisfeito,Muito satisfeito,Sem comentário,Divino Lanche,Lanches,Cametá
Muito satisfeito,Muito satisfeito,Muito satisfeito,Sem comentário,Divino Lanche,Lanches,Cametá
Muito satisfeito,Muito satisfeito,Muito satisfeito,Sem comentário,Divino Lanche,Lanches,Cametá
Muito satisfeito,Muito satisfeito,Muito satisfeito,Sem comentário,Divino Lanche,Lanches,Cametá
Muito satisfeito,Muito satisfeito,Muito satisfeito,Sem comentário,Distribuidora Gomes,Bebidas,Limoeiro do Ajuru
Muito satisfeito,Muito satisfeito,Muito satisfeito,Sem comentário,Açaí Power,Açaí,Cametá
Muito satisfeito,Muito satisfeito,Muito satisfeito,Entrega super rápida e atendimento de primeira,Açaí Power,Açaí,Cametá
Insatisfeito,Muito satisfeito,Muito satisfeito,Sem comentário,Açaí Power,Açaí,Cametá
Muito satisfeito,Muito satisfeito,Muito satisfeito,Sem comentário,Açaí Power,Açaí,Cametá
Muito satisfeito,Muito satisfeito,Muito satisfeito,Sem comentário,Açaí Power,Açaí,Cametá
Muito satisfeito,Muito satisfeito,Muito satisfeito,Sem comentário,Açaí Power,Açaí,Cametá
Muito satisfeito,Muito satisfeito,Muito satisfeito,Sem comentário,Açaí Power,Açaí,Cametá
Neutro,Neutro,Neutro,Sem comentário,Açaí Power,Açaí,Cametá
Muito insatisfeito,Muito insatisfeito,Muito insatisfeito,Sem comentário,Açaí Power,Açaí,Cametá
Muito satisfeito,Muito satisfeito,Muito satisfeito,Sem comentário,Restaurante Sabores Delivery,Restaurante,Cametá
Muito satisfeito,Muito satisfeito,Muito satisfeito,Sem comentário,Restaurante Sabores Delivery,Restaurante,Cametá
Muito satisfeito,Muito satisfeito,Muito satisfeito,Sem comentário,Restaurante Sabores Delivery,Restaurante,Cametá
Muito satisfeito,Muito satisfeito,Muito satisfeito,Comida maravilhosa gostinho de comida caseira ,Restaurante Sabores Delivery,Restaurante,Cametá
Muito satisfeito,Muito satisfeito,Muito satisfeito,Sem comentário,Restaurante Sabores Delivery,Restaurante,Cametá
Muito satisfeito,Muito satisfeito,Muito satisfeito,Sem comentário,Restaurante Sabores Delivery,Restaurante,Cametá
Muito satisfeito,Muito satisfeito,Muito satisfeito,Sem comentário,Restaurante Sabores Delivery,Restaurante,Cametá
Muito satisfeito,Muito satisfeito,Muito satisfeito,Sem comentário,Restaurante Sabores Delivery,Restaurante,Cametá
Muito satisfeito,Muito satisfeito,Muito satisfeito,Sem comentário,Restaurante Sabores Delivery,Restaurante,Cametá
Muito satisfeito,Muito satisfeito,Muito satisfeito,pedido veio com solicitado estava uma delícia,Restaurante Sabores Delivery,Restaurante,Cametá
Muito satisfeito,Muito satisfeito,Muito satisfeito,Comida deliciosa  Entrega rápida,Restaurante Sabores Delivery,Restaurante,Cametá
Muito satisfeito,Muito satisfeito,Muito satisfeito,muito bom,Restaurante Sabores Delivery,Restaurante,Cametá
Muito satisfeito,Muito satisfeito,Muito satisfeito,A entrega é muito rápida e a comida é uma delícia Cliente fiel,Restaurante Sabores Delivery,Restaurante,Cametá
Muito satisfeito,Muito satisfeito,Muito satisfeito,Sem comentário,Restaurante Sabores Delivery,Restaurante,Cametá
Muito satisfeito,Muito satisfeito,Muito satisfeito,Comida perfeita,Restaurante Sabores Delivery,Restaurante,Cametá
Muito satisfeito,Muito satisfeito,Muito satisfeito,entregador é muito rápido,Restaurante Sabores Delivery,Restaurante,Cametá
Muito satisfeito,Muito satisfeito,Muito satisfeito,Sem comentário,Restaurante Sabores Delivery,Restaurante,Cametá
Muito satisfeito,Muito satisfeito,Muito satisfeito,Comida deliciosa,Restaurante Sabores Delivery,Restaurante,Cametá
Muito satisfeito,Muito satisfeito,Muito satisfeito,Melhor comida de Cametá,Restaurante Sabores Delivery,Restaurante,Cametá
Muito satisfeito,Muito satisfeito,Muito satisfeito,Sem comentário,Restaurante Sabores Delivery,Restaurante,Cametá
Muito satisfeito,Muito satisfeito,Muito satisfeito,Sem comentário,Restaurante Sabores Delivery,Restaurante,Cametá
Muito satisfeito,Muito satisfeito,Muito satisfeito,Sem comentário,Restaurante Sabores Delivery,Restaurante,Cametá
Satisfeito,Muito satisfeito,Muito satisfeito,Sem comentário,Restaurante Sabores Delivery,Restaurante,Cametá
Muito satisfeito,Muito satisfeito,Muito satisfeito,não avisou quando saiu mas é de excelente qualidade ,Restaurante Sabores Delivery,Restaurante,Cametá
Muito satisfeito,Muito satisfeito,Muito satisfeito,Sem comentário,Restaurante Sabores Delivery,Restaurante,Cametá
Muito satisfeito,Neutro,Muito satisfeito,Sem comentário,Restaurante Sabores Delivery,Restaurante,Cametá
Muito satisfeito,Muito satisfeito,Muito satisfeito,Muito caprichada,Restaurante Sabores Delivery,Restaurante,Cametá
Muito satisfeito,Muito satisfeito,Muito satisfeito,Sem comentário,Restaurante Sabores Delivery,Restaurante,Cametá
Muito satisfeito,Muito insatisfeito,Neutro,Sem comentário,Restaurante Sabores Delivery,Restaurante,Cametá
Muito satisfeito,Muito satisfeito,Muito satisfeito,Sem comentário,Restaurante Sabores Delivery,Restaurante,Cametá
Muito satisfeito,Muito satisfeito,Muito satisfeito,Sem comentário,Restaurante Sabores Delivery,Restaurante,Cametá
Muito satisfeito,Muito satisfeito,Muito satisfeito,Sem comentário,Restaurante Sabores Delivery,Restaurante,Cametá
Muito satisfeito,Satisfeito,Muito satisfeito,Sem comentário,Restaurante Sabores Delivery,Restaurante,Cametá
Muito satisfeito,Muito satisfeito,Muito satisfeito,Sem comentário,Restaurante Sabores Delivery,Restaurante,Cametá
Muito satisfeito,Muito satisfeito,Muito satisfeito,Sem comentário,Restaurante Sabores Delivery,Restaurante,Cametá
Muito satisfeito,Muito satisfeito,Muito satisfeito,Sem comentário,Restaurante Sabores Delivery,Restaurante,Cametá
Muito satisfeito,Muito satisfeito,Muito satisfeito,Sem comentário,Restaurante Sabores Delivery,Restaurante,Cametá
Muito satisfeito,Muito satisfeito,Muito satisfeito,Sem comentário,Restaurante Sabores Delivery,Restaurante,Cametá
Muito satisfeito,Muito satisfeito,Muito satisfeito,Sem comentário,Restaurante Sabores Delivery,Restaurante,Cametá
Muito satisfeito,Muito satisfeito,Muito satisfeito,Sem comentário,Restaurante Sabores Delivery,Restaurante,Cametá
Muito satisfeito,Muito satisfeito,Muito satisfeito,Sem comentário,Restaurante Sabores Delivery,Restaurante,Cametá
Muito satisfeito,Muito satisfeito,Muito satisfeito,Sem comentário,Restaurante Sabores Delivery,Restaurante,Cametá
Muito satisfeito,Muito satisfeito,Muito satisfeito,Sem comentário,Restaurante Sabores Delivery,Restaurante,Cametá
Muito satisfeito,Muito satisfeito,Muito satisfeito,Sem comentário,Restaurante Sabores Delivery,Restaurante,Cametá
Muito satisfeito,Muito satisfeito,Muito satisfeito,Sem comentário,Restaurante Sabores Delivery,Restaurante,Cametá
Muito satisfeito,Muito satisfeito,Muito satisfeito,Sem comentário,Restaurante Sabores Delivery,Restaurante,Cametá
Muito satisfeito,Muito satisfeito,Muito satisfeito,Sem comentário,Restaurante Sabores Delivery,Restaurante,Cametá
Muito satisfeito,Muito satisfeito,Muito satisfeito,Sem comentário,Restaurante Sabores Delivery,Restaurante,Cametá
Muito satisfeito,Muito satisfeito,Muito satisfeito,Sem comentário,Restaurante Sabores Delivery,Restaurante,Cametá
Neutro,Muito satisfeito,Neutro,Sem comentário,Restaurante Sabores Delivery,Restaurante,Cametá
Muito satisfeito,Muito satisfeito,Muito satisfeito,comida maravilhosa,Restaurante Sabores Delivery,Restaurante,Cametá
Muito satisfeito,Muito satisfeito,Muito satisfeito,Sem comentário,Restaurante Sabores Delivery,Restaurante,Cametá
Muito satisfeito,Muito satisfeito,Muito satisfeito,Melhor comida caseira,Restaurante Sabores Delivery,Restaurante,Cametá
Muito satisfeito,Muito satisfeito,Muito satisfeito,a comida estava muito deliciosa tudo no ponto certo,Restaurante Sabores Delivery,Restaurante,Cametá
Muito satisfeito,Muito satisfeito,Muito satisfeito,Sem comentário,Restaurante Sabores Delivery,Restaurante,Cametá
Muito satisfeito,Muito satisfeito,Muito satisfeito,Sem comentário,Restaurante Sabores Delivery,Restaurante,Cametá
Muito satisfeito,Muito satisfeito,Muito satisfeito,Sem comentário,Restaurante Sabores Delivery,Restaurante,Cametá
Muito satisfeito,Muito satisfeito,Muito satisfeito,Sem comentário,Restaurante Sabores Delivery,Restaurante,Cametá
Muito satisfeito,Muito satisfeito,Muito satisfeito,Sem comentário,Restaurante Sabores Delivery,Restaurante,Cametá
Muito satisfeito,Muito satisfeito,Muito satisfeito,Sem comentário,Restaurante Sabores Delivery,Restaurante,Cametá
Muito satisfeito,Muito satisfeito,Muito satisfeito,Sem comentário,Restaurante Sabores Delivery,Restaurante,Cametá
Muito satisfeito,Muito satisfeito,Muito satisfeito,Sem comentário,Restaurante Sabores Delivery,Restaurante,Cametá
Satisfeito,Muito satisfeito,Muito satisfeito,Sem comentário,Restaurante Sabores Delivery,Restaurante,Cametá
Neutro,Insatisfeito,Neutro,Sem comentário,Restaurante Sabores Delivery,Restaurante,Cametá
Muito satisfeito,Muito satisfeito,Muito satisfeito,Sem comentário,Restaurante Sabores Delivery,Restaurante,Cametá
Muito satisfeito,Muito satisfeito,Muito satisfeito,Sem comentário,Restaurante Sabores Delivery,Restaurante,Cametá
Muito satisfeito,Muito satisfeito,Muito satisfeito,Sem comentário,Restaurante Sabores Delivery,Restaurante,Cametá
Muito satisfeito,Muito satisfeito,Muito satisfeito,Sem comentário,Restaurante Sabores Delivery,Restaurante,Cametá
Muito satisfeito,Muito satisfeito,Muito satisfeito,Sem comentário,Restaurante Sabores Delivery,Restaurante,Cametá
Muito satisfeito,Neutro,Muito satisfeito,Sem comentário,Restaurante Sabores Delivery,Restaurante,Cametá
Muito satisfeito,Muito satisfeito,Muito satisfeito,Sem comentário,Restaurante Sabores Delivery,Restaurante,Cametá
Muito satisfeito,Muito satisfeito,Muito satisfeito,refeição saborosa,Restaurante Sabores Delivery,Restaurante,Cametá
Muito satisfeito,Muito satisfeito,Muito satisfeito,Sem comentário,Restaurante Sabores Delivery,Restaurante,Cametá
Muito satisfeito,Muito satisfeito,Muito satisfeito,Sem comentário,Restaurante Sabores Delivery,Restaurante,Cametá
Satisfeito,Satisfeito,Satisfeito,Sem comentário,Restaurante Sabores Delivery,Restaurante,Cametá
Muito satisfeito,Muito satisfeito,Muito satisfeito,Sem comentário,Restaurante Sabores Delivery,Restaurante,Cametá
Muito satisfeito,Neutro,Satisfeito,Sem comentário,Restaurante Sabores Delivery,Restaurante,Cametá
Muito satisfeito,Muito satisfeito,Muito satisfeito,Sem comentário,Restaurante Sabores Delivery,Restaurante,Cametá
Muito satisfeito,Muito satisfeito,Muito satisfeito,Sem comentário,Restaurante Sabores Delivery,Restaurante,Cametá
Muito satisfeito,Muito satisfeito,Muito satisfeito,Sem comentário,Restaurante Sabores Delivery,Restaurante,Cametá
Muito satisfeito,Muito satisfeito,Muito satisfeito,Sem comentário,Restaurante Sabores Delivery,Restaurante,Cametá
Muito satisfeito,Muito satisfeito,Muito satisfeito,Bom demais prato cheio,Restaurante Sabores Delivery,Restaurante,Cametá
Muito satisfeito,Neutro,Satisfeito,Sem comentário,Restaurante Sabores Delivery,Restaurante,Cametá
Muito satisfeito,Muito satisfeito,Muito satisfeito,Sem comentário,Restaurante Sabores Delivery,Restaurante,Cametá
Muito satisfeito,Muito satisfeito,Muito satisfeito,Sem comentário,Restaurante Sabores Delivery,Restaurante,Cametá
Muito satisfeito,Muito satisfeito,Muito satisfeito,Sem comentário,Restaurante Sabores Delivery,Restaurante,Cametá
Muito satisfeito,Muito satisfeito,Muito satisfeito,Sem comentário,Restaurante Sabores Delivery,Restaurante,Cametá
Satisfeito,Satisfeito,Satisfeito,Sem comentário,Restaurante Sabores Delivery,Restaurante,Cametá
Muito satisfeito,Muito satisfeito,Muito satisfeito,Sem comentário,Restaurante Sabores Delivery,Restaurante,Cametá
Muito satisfeito,Muito satisfeito,Muito satisfeito,Sem comentário,Restaurante Sabores Delivery,Restaurante,Cametá
Neutro,Insatisfeito,Insatisfeito,comida é boa porém pedir sem salada e feijão mas chegou justamente com o que não gosto mas de resto Excelente,Restaurante Sabores Delivery,Restaurante,Cametá
Muito satisfeito,Muito satisfeito,Muito satisfeito,Sem comentário,Restaurante Sabores Delivery,Restaurante,Cametá
Muito satisfeito,Muito satisfeito,Muito satisfeito,Sem comentário,Restaurante Sabores Delivery,Restaurante,Cametá
Muito satisfeito,Muito satisfeito,Muito satisfeito,Sem comentário,Restaurante Sabores Delivery,Restaurante,Cametá
Muito satisfeito,Muito satisfeito,Muito satisfeito,Sem comentário,Restaurante Sabores Delivery,Restaurante,Cametá
Muito satisfeito,Neutro,Muito satisfeito,Sem comentário,Restaurante Sabores Delivery,Restaurante,Cametá
Muito satisfeito,Muito satisfeito,Muito satisfeito,Sem comentário,Restaurante Sabores Delivery,Restaurante,Cametá
Muito satisfeito,Muito satisfeito,Muito satisfeito,Sem comentário,Açaí da Hora,Açaí,Cametá
Muito satisfeito,Muito satisfeito,Muito satisfeito,Sem comentário,Açaí da Hora,Açaí,Cametá
Muito satisfeito,Muito satisfeito,Muito satisfeito,Sem comentário,R&L Delícias,Doces/Sobremesas,Cametá
Muito satisfeito,Muito satisfeito,Muito satisfeito,Sem comentário,Lanches Logo Ali,Salgados,Oeiras
Muito satisfeito,Muito satisfeito,Muito satisfeito,Sem comentário,Lanches Logo Ali,Salgados,Oeiras
Muito satisfeito,Muito satisfeito,Muito satisfeito,Sem comentário,Lanches Logo Ali,Salgados,Oeiras
Muito satisfeito,Muito satisfeito,Muito satisfeito,muito boom ,Lanches Logo Ali,Salgados,Oeiras
Muito satisfeito,Muito satisfeito,Muito satisfeito,Sem comentário,Lanches Logo Ali,Salgados,Oeiras
Muito satisfeito,Muito satisfeito,Muito satisfeito,o melhor da city ,Lanches Logo Ali,Salgados,Oeiras
Muito satisfeito,Muito satisfeito,Muito satisfeito,Sem comentário,Lanches Logo Ali,Salgados,Oeiras
Muito satisfeito,Muito satisfeito,Muito satisfeito,Sem comentário,Lanches Logo Ali,Salgados,Oeiras
Muito satisfeito,Muito satisfeito,Muito satisfeito,Sem comentário,Lanches Logo Ali,Salgados,Oeiras
Muito satisfeito,Muito satisfeito,Muito satisfeito,Uma delícia doce na medida certa ,Analice Furtado Confeitaria Artesanal ,Doces/Sobremesas,Cametá
Muito satisfeito,Muito satisfeito,Muito satisfeito,Meu Deus pedi dois bolos e os dois  tavam muito bom   perfeitos Com certeza vou comprar denovo,Analice Furtado Confeitaria Artesanal ,Doces/Sobremesas,Cametá
Muito satisfeito,Muito satisfeito,Muito satisfeito,Sem comentário,Analice Furtado Confeitaria Artesanal ,Doces/Sobremesas,Cametá
Muito satisfeito,Muito satisfeito,Muito satisfeito,Sem comentário,Analice Furtado Confeitaria Artesanal ,Doces/Sobremesas,Cametá
Muito satisfeito,Muito satisfeito,Muito satisfeito,Sem comentário,Analice Furtado Confeitaria Artesanal ,Doces/Sobremesas,Cametá
Muito satisfeito,Muito satisfeito,Muito satisfeito,MUITO BOM SUPER RECOMENDO,Analice Furtado Confeitaria Artesanal ,Doces/Sobremesas,Cametá
Muito satisfeito,Muito satisfeito,Muito satisfeito,Sem comentário,Analice Furtado Confeitaria Artesanal ,Doces/Sobremesas,Cametá
Muito satisfeito,Muito satisfeito,Muito satisfeito,Sem comentário,Analice Furtado Confeitaria Artesanal ,Doces/Sobremesas,Cametá
Muito satisfeito,Muito satisfeito,Muito satisfeito,Sem comentário,Analice Furtado Confeitaria Artesanal ,Doces/Sobremesas,Cametá
Muito satisfeito,Muito satisfeito,Muito satisfeito,super rápido uma delícia amei,Analice Furtado Confeitaria Artesanal ,Doces/Sobremesas,Cametá
Muito satisfeito,Neutro,Muito satisfeito,Sem comentário,Analice Furtado Confeitaria Artesanal ,Doces/Sobremesas,Cametá
Muito satisfeito,Muito satisfeito,Muito satisfeito,Sem comentário,Analice Furtado Confeitaria Artesanal ,Doces/Sobremesas,Cametá
Muito insatisfeito,Muito insatisfeito,Muito insatisfeito,Sem comentário,Analice Furtado Confeitaria Artesanal ,Doces/Sobremesas,Cametá
Muito satisfeito,Muito satisfeito,Muito satisfeito,coracao  ,Analice Furtado Confeitaria Artesanal ,Doces/Sobremesas,Cametá
Muito satisfeito,Muito satisfeito,Muito satisfeito,Sem comentário,Analice Furtado Confeitaria Artesanal ,Doces/Sobremesas,Cametá
Muito satisfeito,Muito satisfeito,Muito satisfeito,Sem comentário,Analice Furtado Confeitaria Artesanal ,Doces/Sobremesas,Cametá
Muito satisfeito,Muito satisfeito,Muito satisfeito,Sem comentário,Analice Furtado Confeitaria Artesanal ,Doces/Sobremesas,Cametá
Muito satisfeito,Muito satisfeito,Muito satisfeito,Sem comentário,Analice Furtado Confeitaria Artesanal ,Doces/Sobremesas,Cametá
Muito satisfeito,Muito satisfeito,Muito satisfeito,muito bom,Analice Furtado Confeitaria Artesanal ,Doces/Sobremesas,Cametá
Muito satisfeito,Muito satisfeito,Muito satisfeito,Sem comentário,Analice Furtado Confeitaria Artesanal ,Doces/Sobremesas,Cametá
Muito satisfeito,Muito satisfeito,Muito satisfeito,Sem comentário,Analice Furtado Confeitaria Artesanal ,Doces/Sobremesas,Cametá
Muito satisfeito,Muito satisfeito,Muito satisfeito,Sem comentário,Analice Furtado Confeitaria Artesanal ,Doces/Sobremesas,Cametá
Muito satisfeito,Muito satisfeito,Muito satisfeito,Sem comentário,Analice Furtado Confeitaria Artesanal ,Doces/Sobremesas,Cametá
Muito satisfeito,Muito satisfeito,Muito satisfeito,Sem comentário,Analice Furtado Confeitaria Artesanal ,Doces/Sobremesas,Cametá
Muito satisfeito,Muito satisfeito,Muito satisfeito,Sem comentário,Kitutis,Salgados,Cametá
Muito satisfeito,Muito satisfeito,Muito satisfeito,Sem comentário,Marmitex São José,Restaurante,Cametá
Muito satisfeito,Muito satisfeito,Muito satisfeito,Sem comentário,Marmitex São José,Restaurante,Cametá
Muito satisfeito,Neutro,Neutro,Sem comentário,Marmitex São José,Restaurante,Cametá
Satisfeito,Muito satisfeito,Satisfeito,Sem comentário,Marmitex São José,Restaurante,Cametá
Muito satisfeito,Muito satisfeito,Muito satisfeito,Sem comentário,Marmitex São José,Restaurante,Cametá
Satisfeito,Muito satisfeito,Muito satisfeito,Sem comentário,Marmitex São José,Restaurante,Cametá
Muito satisfeito,Muito satisfeito,Muito satisfeito,Sem comentário,Marmitex São José,Restaurante,Cametá
Muito satisfeito,Muito satisfeito,Muito satisfeito,Sem comentário,Marmitex São José,Restaurante,Cametá
Muito satisfeito,Neutro,Muito satisfeito,Sem comentário,Marmitex São José,Restaurante,Cametá
Muito satisfeito,Muito insatisfeito,Muito insatisfeito,Sem comentário,Marmitex São José,Restaurante,Cametá
Muito satisfeito,Muito satisfeito,Muito satisfeito,Sem comentário,Point do Sabor,Restaurante,Oeiras
Muito satisfeito,Muito satisfeito,Muito satisfeito,Sem comentário,Açaí da 21,Açaí,Oeiras
Muito satisfeito,Muito satisfeito,Muito satisfeito,Maravilhoso tudo muito bem temperado na temperatura perfeita e em boa quantidade,J & V Refeições,Restaurante,Limoeiro do Ajuru
Muito satisfeito,Satisfeito,Muito insatisfeito,Sem comentário,HortiFruti Salmo 91,Frutas/Legumes,Oeiras
Muito satisfeito,Muito satisfeito,Muito satisfeito,Um produto de ótima qualidade,N. G. Sabor do Açaí,Açaí,Cametá
Muito satisfeito,Muito satisfeito,Muito satisfeito,Sem comentário,N. G. Sabor do Açaí,Açaí,Cametá
Muito satisfeito,Muito satisfeito,Muito satisfeito,Sem comentário,N. G. Sabor do Açaí,Açaí,Cametá
Muito satisfeito,Muito satisfeito,Muito satisfeito,Sem comentário,N. G. Sabor do Açaí,Açaí,Cametá
Muito satisfeito,Muito satisfeito,Muito satisfeito,Sem comentário,N. G. Sabor do Açaí,Açaí,Cametá
Muito satisfeito,Muito satisfeito,Muito satisfeito,Sem comentário,N. G. Sabor do Açaí,Açaí,Cametá
Muito satisfeito,Muito satisfeito,Muito satisfeito,Sem comentário,N. G. Sabor do Açaí,Açaí,Cametá
Neutro,Muito satisfeito,Satisfeito,Sem comentário,N. G. Sabor do Açaí,Açaí,Cametá
Neutro,Neutro,Satisfeito,Sem comentário,N. G. Sabor do Açaí,Açaí,Cametá
Muito satisfeito,Muito satisfeito,Muito satisfeito,Sem comentário,N. G. Sabor do Açaí,Açaí,Cametá
Muito satisfeito,Muito satisfeito,Muito satisfeito,Sem comentário,N. G. Sabor do Açaí,Açaí,Cametá
Muito satisfeito,Muito satisfeito,Muito satisfeito,Sem comentário,N. G. Sabor do Açaí,Açaí,Cametá
Muito satisfeito,Muito satisfeito,Muito satisfeito,Sem comentário,N. G. Sabor do Açaí,Açaí,Cametá
Muito satisfeito,Muito satisfeito,Muito satisfeito,Sem comentário,N. G. Sabor do Açaí,Açaí,Cametá
Muito satisfeito,Muito satisfeito,Muito satisfeito,Sem comentário,N. G. Sabor do Açaí,Açaí,Cametá
Muito satisfeito,Muito satisfeito,Muito satisfeito,Sem comentário,N. G. Sabor do Açaí,Açaí,Cametá
Muito satisfeito,Muito satisfeito,Muito satisfeito,Sem comentário,N. G. Sabor do Açaí,Açaí,Cametá
Satisfeito,Satisfeito,Satisfeito,Sem comentário,N. G. Sabor do Açaí,Açaí,Cametá
Muito satisfeito,Muito satisfeito,Muito satisfeito,Sem comentário,Ponto do Açaí,Açaí,Cametá
Muito satisfeito,Muito satisfeito,Muito satisfeito,Sem comentário,Ponto do Açaí,Açaí,Cametá
Muito satisfeito,Muito satisfeito,Muito satisfeito,Sem comentário,Ponto do Açaí,Açaí,Cametá
Muito satisfeito,Muito satisfeito,Muito satisfeito,Sem comentário,Ponto do Açaí,Açaí,Cametá
Satisfeito,Muito satisfeito,Muito satisfeito,Sem comentário,Ponto do Açaí,Açaí,Cametá
Satisfeito,Muito satisfeito,Muito satisfeito,Sem comentário,Ponto do Açaí,Açaí,Cametá
Muito satisfeito,Muito satisfeito,Muito satisfeito,Sem comentário,Ponto do Açaí,Açaí,Cametá
Muito satisfeito,Muito insatisfeito,Muito satisfeito,Sem comentário,Ponto do Açaí,Açaí,Cametá
Muito satisfeito,Muito satisfeito,Muito satisfeito,Sem comentário,Ponto do Açaí,Açaí,Cametá
Muito satisfeito,Muito satisfeito,Muito satisfeito,Sem comentário,Ponto do Açaí,Açaí,Cametá
Muito satisfeito,Muito satisfeito,Muito satisfeito,Sem comentário,Ponto do Açaí,Açaí,Cametá
Muito satisfeito,Muito satisfeito,Muito satisfeito,Sem comentário,Ponto do Açaí,Açaí,Cametá
Muito satisfeito,Muito satisfeito,Muito satisfeito,Sem comentário,Ponto do Açaí,Açaí,Cametá
Muito satisfeito,Muito satisfeito,Muito satisfeito,Sem comentário,Ponto do Açaí,Açaí,Cametá
Muito satisfeito,Muito satisfeito,Muito satisfeito,Sem comentário,Ponto do Açaí,Açaí,Cametá
Muito satisfeito,Muito satisfeito,Muito satisfeito,Sem comentário,Ponto do Açaí,Açaí,Cametá
Muito satisfeito,Muito satisfeito,Muito satisfeito,Sem comentário,Ponto do Açaí,Açaí,Cametá
Satisfeito,Muito satisfeito,Muito satisfeito,Sem comentário,Ponto do Açaí,Açaí,Cametá
Muito satisfeito,Muito satisfeito,Muito satisfeito,Sem comentário,Ponto do Açaí,Açaí,Cametá
Muito satisfeito,Muito satisfeito,Muito satisfeito,Sem comentário,Ponto do Açaí,Açaí,Cametá
Muito satisfeito,Muito satisfeito,Muito satisfeito,Sem comentário,Ponto do Açaí,Açaí,Cametá
Muito satisfeito,Muito satisfeito,Muito satisfeito,Sem comentário,Ponto do Açaí,Açaí,Cametá
Muito satisfeito,Muito satisfeito,Muito satisfeito,Sem comentário,Ponto do Açaí,Açaí,Cametá
Muito satisfeito,Muito satisfeito,Satisfeito,Sem comentário,Ponto do Açaí,Açaí,Cametá
Muito satisfeito,Muito satisfeito,Muito satisfeito,Sem comentário,Ponto do Açaí,Açaí,Cametá
Muito satisfeito,Muito satisfeito,Muito satisfeito,Sem comentário,Ponto do Açaí,Açaí,Cametá
Muito satisfeito,Muito satisfeito,Muito satisfeito,Sem comentário,Ponto do Açaí,Açaí,Cametá
Muito satisfeito,Muito satisfeito,Muito satisfeito,Sem comentário,Ponto do Açaí,Açaí,Cametá
Muito satisfeito,Muito satisfeito,Muito satisfeito,Sem comentário,Ponto do Açaí,Açaí,Cametá
Muito satisfeito,Muito satisfeito,Muito satisfeito,Sem comentário,Ponto do Açaí,Açaí,Cametá
Muito satisfeito,Muito satisfeito,Muito satisfeito,Sem comentário,Ponto do Açaí,Açaí,Cametá
Muito satisfeito,Muito satisfeito,Muito satisfeito,Sem comentário,Ponto do Açaí,Açaí,Cametá
Muito satisfeito,Muito satisfeito,Muito satisfeito,Sem comentário,Ponto do Açaí,Açaí,Cametá
Muito satisfeito,Muito satisfeito,Satisfeito,Sem comentário,Ponto do Açaí,Açaí,Cametá
Muito satisfeito,Muito satisfeito,Muito satisfeito,Sem comentário,Ponto do Açaí,Açaí,Cametá
Muito satisfeito,Muito satisfeito,Muito satisfeito,Sem comentário,Ponto do Açaí,Açaí,Cametá
Muito satisfeito,Muito satisfeito,Muito satisfeito,Sem comentário,Ponto do Açaí,Açaí,Cametá
Muito satisfeito,Muito satisfeito,Muito satisfeito,Sem comentário,Ponto do Açaí,Açaí,Cametá
Muito satisfeito,Muito satisfeito,Muito satisfeito,Sem comentário,Ponto do Açaí,Açaí,Cametá
Muito satisfeito,Muito satisfeito,Muito satisfeito,Sem comentário,Ponto do Açaí,Açaí,Cametá
Muito satisfeito,Muito satisfeito,Muito satisfeito,Sem comentário,Ponto do Açaí,Açaí,Cametá
Muito satisfeito,Muito satisfeito,Muito satisfeito,Sem comentário,Ponto do Açaí,Açaí,Cametá
Muito satisfeito,Muito satisfeito,Muito satisfeito,Sem comentário,Ponto do Açaí,Açaí,Cametá
Muito satisfeito,Muito satisfeito,Muito satisfeito,Sem comentário,Ponto do Açaí,Açaí,Cametá
Muito satisfeito,Insatisfeito,Muito satisfeito,Sem comentário,Ponto do Açaí,Açaí,Cametá
Muito satisfeito,Muito satisfeito,Muito satisfeito,Sem comentário,Ponto do Açaí,Açaí,Cametá
Muito satisfeito,Muito satisfeito,Muito satisfeito,Sem comentário,Ponto do Açaí,Açaí,Cametá
Muito satisfeito,Muito satisfeito,Muito satisfeito,Sem comentário,Ponto do Açaí,Açaí,Cametá
Muito satisfeito,Muito satisfeito,Muito satisfeito,Totalmente excelente,Ponto do Açaí,Açaí,Cametá
Muito satisfeito,Muito satisfeito,Muito satisfeito,Sem comentário,Ponto do Açaí,Açaí,Cametá
Muito satisfeito,Muito satisfeito,Muito satisfeito,Sem comentário,Ponto do Açaí,Açaí,Cametá
Satisfeito,Muito satisfeito,Muito satisfeito,Sem comentário,Ponto do Açaí,Açaí,Cametá
Muito satisfeito,Muito satisfeito,Muito satisfeito,Sem comentário,Ponto do Açaí,Açaí,Cametá
Muito satisfeito,Muito satisfeito,Muito satisfeito,Sem comentário,Ponto do Açaí,Açaí,Cametá
Muito satisfeito,Muito satisfeito,Muito satisfeito,Sem comentário,Ponto do Açaí,Açaí,Cametá
Muito satisfeito,Muito satisfeito,Muito satisfeito,Sem comentário,Ponto do Açaí,Açaí,Cametá
Muito satisfeito,Muito satisfeito,Satisfeito,Sem comentário,Ponto do Açaí,Açaí,Cametá
Muito satisfeito,Muito satisfeito,Muito satisfeito,Sem comentário,Ponto do Açaí,Açaí,Cametá
Muito satisfeito,Muito satisfeito,Muito satisfeito,Sem comentário,Ponto do Açaí,Açaí,Cametá
Muito satisfeito,Muito satisfeito,Muito satisfeito,Sem comentário,Ponto do Açaí,Açaí,Cametá
Muito satisfeito,Muito satisfeito,Muito satisfeito,Sem comentário,Ponto do Açaí,Açaí,Cametá
Muito satisfeito,Muito satisfeito,Muito satisfeito,Ótimo açaí,Ponto do Açaí,Açaí,Cametá
Muito satisfeito,Muito satisfeito,Muito satisfeito,Sem comentário,Conveniência 24 horas,Comércio,Cametá
Insatisfeito,Insatisfeito,Insatisfeito,Sem comentário,Conveniência 24 horas,Comércio,Cametá
Muito satisfeito,Muito satisfeito,Muito satisfeito,Sem comentário,Open Lanches,Salgados,Oeiras
Muito satisfeito,Muito satisfeito,Muito satisfeito,Sem comentário,Open Lanches,Salgados,Oeiras
Muito satisfeito,Muito satisfeito,Muito satisfeito,Sem comentário,Open Lanches,Salgados,Oeiras
Muito satisfeito,Muito satisfeito,Muito satisfeito,Entrega super rápida e produto de ótima qualidade Adorei,Leônidas Churras,Restaurante,Cametá
Muito satisfeito,Muito satisfeito,Muito satisfeito,Sem comentário,Leônidas Churras,Restaurante,Cametá
Muito insatisfeito,Muito insatisfeito,Muito insatisfeito,Sem comentário,Leônidas Churras,Restaurante,Cametá
Satisfeito,Muito satisfeito,Satisfeito,Sem comentário,Leônidas Churras,Restaurante,Cametá
Muito satisfeito,Muito satisfeito,Muito satisfeito,Comida deliciosa tudo perfeito ótimo atendimento Super recomendo,Dona Lucy,Restaurante,Cametá
Neutro,Neutro,Neutro,Sem comentário,Dona Lucy,Restaurante,Cametá
Muito satisfeito,Muito satisfeito,Muito satisfeito,Sem comentário,Dona Lucy,Restaurante,Cametá
Muito satisfeito,Muito satisfeito,Muito satisfeito,Sem comentário,Dona Lucy,Restaurante,Cametá
Muito satisfeito,Muito satisfeito,Muito satisfeito,Sem comentário,Dona Lucy,Restaurante,Cametá
Satisfeito,Neutro,Neutro,Sem comentário,Dona Lucy,Restaurante,Cametá
Muito satisfeito,Muito satisfeito,Muito satisfeito,Sem comentário,Dona Lucy,Restaurante,Cametá
Muito satisfeito,Muito satisfeito,Muito satisfeito,Sem comentário,Dona Lucy,Restaurante,Cametá
Muito satisfeito,Muito satisfeito,Muito satisfeito,Sem comentário,Açaí Benção de Deus,Açaí,Oeiras
Muito satisfeito,Muito satisfeito,Muito satisfeito,Sem comentário,Açaí Benção de Deus,Açaí,Oeiras
Muito satisfeito,Muito satisfeito,Muito satisfeito,Sem comentário,Açaí Benção de Deus,Açaí,Oeiras
Muito satisfeito,Muito satisfeito,Muito satisfeito,Sem comentário,Açaí Benção de Deus,Açaí,Oeiras
Muito satisfeito,Muito satisfeito,Muito satisfeito,Sem comentário,Açaí Benção de Deus,Açaí,Oeiras
Muito satisfeito,Muito satisfeito,Satisfeito,Sem comentário,Açaí Benção de Deus,Açaí,Oeiras
Muito satisfeito,Muito satisfeito,Muito satisfeito,Sem comentário,Monster Burguer,Lanches,Cametá
Muito satisfeito,Muito satisfeito,Muito satisfeito,Sem comentário,Monster Burguer,Lanches,Cametá
Muito satisfeito,Muito satisfeito,Muito satisfeito,Sem comentário,Monster Burguer,Lanches,Cametá
Muito satisfeito,Muito satisfeito,Muito satisfeito,Sem comentário,Monster Burguer,Lanches,Cametá
Muito satisfeito,Muito satisfeito,Satisfeito,Sem comentário,Monster Burguer,Lanches,Cametá
Muito satisfeito,Muito satisfeito,Muito satisfeito,excelente atendimento e ótimo hambúrguer,Monster Burguer,Lanches,Cametá
Muito satisfeito,Muito satisfeito,Muito satisfeito,muito bom,Monster Burguer,Lanches,Cametá
Muito satisfeito,Muito satisfeito,Muito satisfeito,Sem comentário,Monster Burguer,Lanches,Cametá
Muito satisfeito,Muito satisfeito,Muito satisfeito,Sem comentário,Monster Burguer,Lanches,Cametá
Muito satisfeito,Muito satisfeito,Muito satisfeito,Sem comentário,Monster Burguer,Lanches,Cametá
Muito satisfeito,Muito satisfeito,Muito satisfeito,excelente saboroso ótimo tempo de entrega,Monster Burguer,Lanches,Cametá
Muito satisfeito,Satisfeito,Muito satisfeito,Sem comentário,Monster Burguer,Lanches,Cametá
Muito satisfeito,Muito satisfeito,Muito satisfeito,Sem comentário,Monster Burguer,Lanches,Cametá
Muito satisfeito,Muito satisfeito,Muito satisfeito,Sem comentário,Monster Burguer,Lanches,Cametá
Muito satisfeito,Muito satisfeito,Muito satisfeito,Sem comentário,Monster Burguer,Lanches,Cametá
Muito satisfeito,Muito satisfeito,Muito satisfeito,Sem comentário,Monster Burguer,Lanches,Cametá
Muito insatisfeito,Muito insatisfeito,Muito insatisfeito,horrivel tudo queimado sem nada de recheio só um pedaço de carne e um de presunto péssimo,Monster Burguer,Lanches,Cametá
Muito satisfeito,Muito satisfeito,Muito satisfeito,Excelente,Monster Burguer,Lanches,Cametá
Muito satisfeito,Muito satisfeito,Muito satisfeito,excelente,Monster Burguer,Lanches,Cametá
Muito satisfeito,Muito satisfeito,Muito satisfeito,Sem comentário,Monster Burguer,Lanches,Cametá
Muito satisfeito,Muito satisfeito,Muito satisfeito,Sem comentário,Monster Burguer,Lanches,Cametá
Muito satisfeito,Muito satisfeito,Muito satisfeito,Sem comentário,Monster Burguer,Lanches,Cametá
Satisfeito,Neutro,Satisfeito,Sem comentário,Monster Burguer,Lanches,Cametá
Muito satisfeito,Muito satisfeito,Muito satisfeito,Sem comentário,Monster Burguer,Lanches,Cametá
Satisfeito,Satisfeito,Satisfeito,Sem comentário,Monster Burguer,Lanches,Cametá
Muito satisfeito,Muito satisfeito,Muito satisfeito,Sem comentário,Monster Burguer,Lanches,Cametá
Muito satisfeito,Muito satisfeito,Muito satisfeito,Sem comentário,Monster Burguer,Lanches,Cametá
Muito satisfeito,Muito satisfeito,Muito satisfeito,Sem comentário,Monster Burguer,Lanches,Cametá
Muito satisfeito,Muito satisfeito,Muito satisfeito,Sem comentário,Monster Burguer,Lanches,Cametá
Muito satisfeito,Muito satisfeito,Muito satisfeito,Sem comentário,Monster Burguer,Lanches,Cametá
Muito satisfeito,Insatisfeito,Satisfeito,Sem comentário,Monster Burguer,Lanches,Cametá
Muito satisfeito,Satisfeito,Muito satisfeito,Sem comentário,Monster Burguer,Lanches,Cametá
Muito satisfeito,Muito satisfeito,Muito satisfeito,Sem comentário,Monster Burguer,Lanches,Cametá
Muito satisfeito,Muito satisfeito,Muito satisfeito,Sem comentário,Monster Burguer,Lanches,Cametá
Muito satisfeito,Muito satisfeito,Muito satisfeito,Sem comentário,Monster Burguer,Lanches,Cametá
Muito satisfeito,Muito satisfeito,Muito satisfeito,Sem comentário,Monster Burguer,Lanches,Cametá
Satisfeito,Satisfeito,Satisfeito,Sem comentário,Monster Burguer,Lanches,Cametá
Muito satisfeito,Muito satisfeito,Muito satisfeito,Sem comentário,Mac Lanches,Lanches,Oeiras
Muito satisfeito,Muito satisfeito,Muito satisfeito,Sem comentário,Mac Lanches,Lanches,Oeiras
Muito satisfeito,Muito satisfeito,Muito satisfeito,Sem comentário,Mac Lanches,Lanches,Oeiras
Muito satisfeito,Muito satisfeito,Muito satisfeito,Sem comentário,Mac Lanches,Lanches,Oeiras
Muito satisfeito,Muito satisfeito,Muito satisfeito,Sem comentário,Mac Lanches,Lanches,Oeiras
Muito satisfeito,Muito satisfeito,Muito satisfeito,Sem comentário,Mac Lanches,Lanches,Oeiras
Muito satisfeito,Muito satisfeito,Muito satisfeito,Sem comentário,Mac Lanches,Lanches,Oeiras
Muito satisfeito,Muito satisfeito,Muito satisfeito,Sem comentário,Mac Lanches,Lanches,Oeiras
Muito satisfeito,Muito satisfeito,Muito satisfeito,Sem comentário,Mac Lanches,Lanches,Oeiras
Muito satisfeito,Muito satisfeito,Muito satisfeito,Sem comentário,Mac Lanches,Lanches,Oeiras
Muito satisfeito,Muito satisfeito,Muito satisfeito,Sem comentário,Mac Lanches,Lanches,Oeiras
Muito satisfeito,Muito satisfeito,Muito satisfeito,Sem comentário,Mac Lanches,Lanches,Oeiras
Muito satisfeito,Muito satisfeito,Muito satisfeito,Sem comentário,Mac Lanches,Lanches,Oeiras
Muito satisfeito,Muito satisfeito,Muito satisfeito,Sem comentário,Mac Lanches,Lanches,Oeiras
Muito satisfeito,Muito satisfeito,Muito satisfeito,Sem comentário,Mac Lanches,Lanches,Oeiras
Muito satisfeito,Muito satisfeito,Muito satisfeito,Sem comentário,Mac Lanches,Lanches,Oeiras
Muito satisfeito,Muito satisfeito,Muito satisfeito,Sem comentário,Mac Lanches,Lanches,Oeiras
Muito satisfeito,Muito satisfeito,Muito satisfeito,Sem comentário,Mac Lanches,Lanches,Oeiras
Muito satisfeito,Muito satisfeito,Muito satisfeito,Sem comentário,Mac Lanches,Lanches,Oeiras
Muito satisfeito,Muito satisfeito,Satisfeito,Sem comentário,Açaí do Markola,Açaí,Oeiras
Muito satisfeito,Muito satisfeito,Muito satisfeito,Sem comentário,Açaí do Markola,Açaí,Oeiras
Muito satisfeito,Muito satisfeito,Muito satisfeito,Sem comentário,Impérius Burguer II,Lanches,Cametá
Muito satisfeito,Muito satisfeito,Muito satisfeito,Sem comentário,Impérius Burguer II,Lanches,Cametá
Muito satisfeito,Muito satisfeito,Muito satisfeito,muito bom e rápida entrega ,Impérius Burguer II,Lanches,Cametá
Satisfeito,Muito satisfeito,Muito satisfeito,Sem comentário,Impérius Burguer II,Lanches,Cametá
Muito satisfeito,Insatisfeito,Neutro,Ótimo lanche Mas o atendimento e entrega deixam a desejar Demoram muito para responder e entregar E quem me atendeu nem sabia que meu lanche já tinha saído p entrega e deu a desculpa que estava aguardando o entregador chegar Mas já estava muito atrasado,Impérius Burguer II,Lanches,Cametá
Muito satisfeito,Muito satisfeito,Muito satisfeito,Surper recomendo muito bom sem contar a entrega surper rápida,Impérius Burguer II,Lanches,Cametá
Muito satisfeito,Muito satisfeito,Muito satisfeito,muito sastifeita,Impérius Burguer II,Lanches,Cametá
Muito satisfeito,Muito satisfeito,Muito satisfeito,Sem comentário,Impérius Burguer II,Lanches,Cametá
Muito insatisfeito,Muito insatisfeito,Muito insatisfeito,Sem comentário,Impérius Burguer II,Lanches,Cametá
Muito satisfeito,Muito satisfeito,Muito satisfeito,Sem comentário,Impérius Burguer II,Lanches,Cametá
Muito satisfeito,Muito satisfeito,Muito satisfeito,Sem comentário,Impérius Burguer II,Lanches,Cametá
Muito satisfeito,Muito satisfeito,Muito satisfeito,Sem comentário,Impérius Burguer II,Lanches,Cametá
Muito insatisfeito,Muito insatisfeito,Muito insatisfeito,Sem comentário,Impérius Burguer II,Lanches,Cametá
Muito satisfeito,Muito satisfeito,Muito satisfeito,Sem comentário,Impérius Burguer II,Lanches,Cametá
Muito satisfeito,Muito satisfeito,Muito satisfeito,Sem comentário,Impérius Burguer II,Lanches,Cametá
Muito satisfeito,Muito satisfeito,Muito satisfeito,Sem comentário,Impérius Burguer II,Lanches,Cametá
Muito satisfeito,Muito satisfeito,Muito satisfeito,Sem comentário,Impérius Burguer II,Lanches,Cametá
Muito satisfeito,Muito satisfeito,Muito satisfeito,excelente recomendo,Impérius Burguer II,Lanches,Cametá
Muito satisfeito,Muito insatisfeito,Muito insatisfeito,Sem comentário,Impérius Burguer II,Lanches,Cametá
Muito satisfeito,Muito satisfeito,Muito satisfeito,Sem comentário,Dorcas Salgados,Salgados,Cametá
Muito satisfeito,Muito satisfeito,Muito satisfeito,Sem comentário,Dorcas Salgados,Salgados,Cametá
Muito satisfeito,Muito satisfeito,Muito satisfeito,Sem comentário,Dorcas Salgados,Salgados,Cametá
Muito satisfeito,Muito satisfeito,Satisfeito,Sem comentário,Dorcas Salgados,Salgados,Cametá
Muito satisfeito,Muito satisfeito,Muito satisfeito,Sem comentário,Dorcas Salgados,Salgados,Cametá
Muito satisfeito,Muito satisfeito,Muito satisfeito,Sem comentário,Dorcas Salgados,Salgados,Cametá
Muito satisfeito,Muito satisfeito,Muito satisfeito,Produto de ótima qualidade,Dorcas Salgados,Salgados,Cametá
Muito satisfeito,Muito satisfeito,Muito satisfeito,Sem comentário,Dorcas Salgados,Salgados,Cametá
Muito satisfeito,Muito satisfeito,Muito satisfeito,Sem comentário,Dorcas Salgados,Salgados,Cametá
Muito satisfeito,Satisfeito,Muito satisfeito,Sem comentário,Dorcas Salgados,Salgados,Cametá
Muito satisfeito,Muito satisfeito,Muito satisfeito,Sem comentário,Dorcas Salgados,Salgados,Cametá
Muito satisfeito,Muito satisfeito,Muito satisfeito,Sem comentário,Dorcas Salgados,Salgados,Cametá
Muito satisfeito,Muito satisfeito,Muito satisfeito,Sem comentário,Dorcas Salgados,Salgados,Cametá
Muito satisfeito,Muito satisfeito,Muito satisfeito,Sem comentário,Dorcas Salgados,Salgados,Cametá
Muito satisfeito,Muito satisfeito,Muito satisfeito,Sem comentário,Dorcas Salgados,Salgados,Cametá
Muito satisfeito,Muito satisfeito,Muito satisfeito,Sem comentário,Dorcas Salgados,Salgados,Cametá
Muito satisfeito,Muito satisfeito,Muito satisfeito,Sem comentário,Dorcas Salgados,Salgados,Cametá
Muito satisfeito,Muito satisfeito,Muito satisfeito,Sem comentário,Dorcas Salgados,Salgados,Cametá
Muito satisfeito,Muito satisfeito,Muito satisfeito,Sem comentário,Dorcas Salgados,Salgados,Cametá
Muito satisfeito,Insatisfeito,Muito satisfeito,Sem comentário,Dorcas Salgados,Salgados,Cametá
Muito satisfeito,Muito satisfeito,Muito satisfeito,Sem comentário,Dorcas Salgados,Salgados,Cametá
Muito satisfeito,Muito satisfeito,Muito satisfeito,Sem comentário,Dorcas Salgados,Salgados,Cametá
Muito satisfeito,Muito satisfeito,Muito satisfeito,Sem comentário,Dorcas Salgados,Salgados,Cametá
Muito satisfeito,Neutro,Muito satisfeito,Sem comentário,Dorcas Salgados,Salgados,Cametá
Muito satisfeito,Muito satisfeito,Muito satisfeito,Excelente  estava muito bom,Dorcas Salgados,Salgados,Cametá
Muito satisfeito,Muito insatisfeito,Muito insatisfeito,faltou meu refri Mais o lanche veio certinho,Dorcas Salgados,Salgados,Cametá
Muito satisfeito,Satisfeito,Muito satisfeito,Sem comentário,Dorcas Salgados,Salgados,Cametá
Muito satisfeito,Neutro,Muito satisfeito,Sem comentário,Dorcas Salgados,Salgados,Cametá
Muito satisfeito,Muito insatisfeito,Neutro,Sem comentário,Dorcas Salgados,Salgados,Cametá
Muito satisfeito,Muito satisfeito,Muito satisfeito,só o beijinho que é meio duro ele é um duro,Dorcas Salgados,Salgados,Cametá
Muito satisfeito,Muito satisfeito,Muito satisfeito,entrega rápida e os salgados tavam muito bons ,Dorcas Salgados,Salgados,Cametá
Muito insatisfeito,Muito insatisfeito,Muito insatisfeito,Sem comentário,Dorcas Salgados,Salgados,Cametá
Muito insatisfeito,Muito insatisfeito,Muito insatisfeito,não recebi o pedido,Dorcas Salgados,Salgados,Cametá
Muito satisfeito,Muito satisfeito,Muito satisfeito,Sem comentário,Dorcas Salgados,Salgados,Cametá
Muito insatisfeito,Muito insatisfeito,Muito insatisfeito,o entregador combrou na entregaq já tinha sido pago no pix como façoquero ressarcimento do valor,Dorcas Salgados,Salgados,Cametá
Muito satisfeito,Muito satisfeito,Muito satisfeito,Sem comentário,Dorcas Salgados,Salgados,Cametá
Muito satisfeito,Muito satisfeito,Muito satisfeito,Sem comentário,Dorcas Salgados,Salgados,Cametá
Muito satisfeito,Muito satisfeito,Muito satisfeito,Sem comentário,Dorcas Salgados,Salgados,Cametá
Muito satisfeito,Muito satisfeito,Muito satisfeito,Sem comentário,Dorcas Salgados,Salgados,Cametá
Muito satisfeito,Satisfeito,Muito satisfeito,Sem comentário,Dorcas Salgados,Salgados,Cametá
Muito satisfeito,Muito satisfeito,Muito satisfeito,Sem comentário,Dorcas Salgados,Salgados,Cametá
Muito satisfeito,Muito satisfeito,Muito satisfeito,Sem comentário,Dorcas Salgados,Salgados,Cametá
Muito satisfeito,Muito satisfeito,Muito satisfeito,Sem comentário,Dorcas Salgados,Salgados,Cametá
Muito satisfeito,Muito satisfeito,Muito satisfeito,Sem comentário,Dorcas Salgados,Salgados,Cametá
Muito satisfeito,Neutro,Muito satisfeito,Tudo gostoso,Dorcas Salgados,Salgados,Cametá
Muito insatisfeito,Muito insatisfeito,Muito insatisfeito,Aguardando as empadas que não veio,Dorcas Salgados,Salgados,Cametá
Muito satisfeito,Satisfeito,Muito satisfeito,Sem comentário,Dorcas Salgados,Salgados,Cametá
Muito satisfeito,Muito satisfeito,Muito satisfeito,Sem comentário,Dorcas Salgados,Salgados,Cametá
Muito satisfeito,Muito satisfeito,Muito satisfeito,Sem comentário,Dorcas Salgados,Salgados,Cametá
Neutro,Muito satisfeito,Muito satisfeito,Sem comentário,Dorcas Salgados,Salgados,Cametá
Muito satisfeito,Muito satisfeito,Muito satisfeito,Sem comentário,Dorcas Salgados,Salgados,Cametá
Muito satisfeito,Muito satisfeito,Muito satisfeito,Sem comentário,Dorcas Salgados,Salgados,Cametá
Muito satisfeito,Muito insatisfeito,Muito insatisfeito,ossa que salgados delicioso nossa sem palavras perfeito super recomendo ,Dorcas Salgados,Salgados,Cametá
Muito satisfeito,Muito satisfeito,Muito satisfeito,Sem comentário,Dorcas Salgados,Salgados,Cametá
Muito satisfeito,Satisfeito,Muito satisfeito,Sem comentário,Dorcas Salgados,Salgados,Cametá
Muito satisfeito,Muito satisfeito,Muito satisfeito,Sem comentário,Dorcas Salgados,Salgados,Cametá
Muito satisfeito,Muito satisfeito,Muito satisfeito,Sem comentário,Dorcas Salgados,Salgados,Cametá
Muito satisfeito,Muito satisfeito,Muito satisfeito,Sem comentário,Dorcas Salgados,Salgados,Cametá
Muito satisfeito,Muito satisfeito,Muito satisfeito,Sem comentário,Dorcas Salgados,Salgados,Cametá
Muito satisfeito,Muito satisfeito,Muito satisfeito,Sem comentário,Dorcas Salgados,Salgados,Cametá
Muito satisfeito,Satisfeito,Satisfeito,Em suma é ótimo,Dorcas Salgados,Salgados,Cametá
Muito satisfeito,Muito satisfeito,Muito satisfeito,Sem comentário,Dorcas Salgados,Salgados,Cametá
Muito satisfeito,Muito satisfeito,Muito satisfeito,Sem comentário,Dorcas Salgados,Salgados,Cametá
Muito satisfeito,Muito satisfeito,Muito satisfeito,Sem comentário,Dorcas Salgados,Salgados,Cametá
Muito satisfeito,Neutro,Muito satisfeito,Sem comentário,Dorcas Salgados,Salgados,Cametá
Muito satisfeito,Muito satisfeito,Muito satisfeito,Sem comentário,Dorcas Salgados,Salgados,Cametá
Muito satisfeito,Muito satisfeito,Muito satisfeito,Sem comentário,Dorcas Salgados,Salgados,Cametá
Satisfeito,Muito satisfeito,Satisfeito,Sem comentário,Dorcas Salgados,Salgados,Cametá
Muito satisfeito,Muito satisfeito,Muito satisfeito,Sem comentário,Dorcas Salgados,Salgados,Cametá
Muito satisfeito,Muito satisfeito,Muito satisfeito,Sem comentário,Dorcas Salgados,Salgados,Cametá
Muito satisfeito,Muito satisfeito,Muito satisfeito,Sem comentário,Dorcas Salgados,Salgados,Cametá
Muito satisfeito,Muito satisfeito,Muito satisfeito,Sem comentário,Dorcas Salgados,Salgados,Cametá
Muito insatisfeito,Muito insatisfeito,Muito insatisfeito,Sem comentário,Dorcas Salgados,Salgados,Cametá
Muito satisfeito,Muito insatisfeito,Muito satisfeito,Sem comentário,Dorcas Salgados,Salgados,Cametá
Muito satisfeito,Muito satisfeito,Muito satisfeito,Sem comentário,Dorcas Salgados,Salgados,Cametá
Satisfeito,Satisfeito,Satisfeito,Sem comentário,Dorcas Salgados,Salgados,Cametá
Muito satisfeito,Muito satisfeito,Muito satisfeito,Sem comentário,Dorcas Salgados,Salgados,Cametá
Muito satisfeito,Satisfeito,Muito satisfeito,Sem comentário,Dorcas Salgados,Salgados,Cametá
Muito satisfeito,Muito satisfeito,Satisfeito,Sem comentário,Dorcas Salgados,Salgados,Cametá
Muito satisfeito,Muito satisfeito,Muito satisfeito,Sem comentário,Dorcas Salgados,Salgados,Cametá
Muito satisfeito,Muito satisfeito,Muito satisfeito,Sem comentário,Dorcas Salgados,Salgados,Cametá
Muito satisfeito,Satisfeito,Muito satisfeito,Sem comentário,Dorcas Salgados,Salgados,Cametá
Satisfeito,Muito satisfeito,Muito satisfeito,Sem comentário,Dorcas Salgados,Salgados,Cametá
Muito satisfeito,Muito satisfeito,Muito satisfeito,Sem comentário,Dorcas Salgados,Salgados,Cametá
Muito satisfeito,Muito satisfeito,Muito satisfeito,Sem comentário,Dorcas Salgados,Salgados,Cametá
Muito satisfeito,Muito satisfeito,Muito satisfeito,Sem comentário,Dorcas Salgados,Salgados,Cametá
Muito insatisfeito,Muito insatisfeito,Muito insatisfeito,bom dia meu pix do troço que faltou brasfarmavendasgmailcom,Dorcas Salgados,Salgados,Cametá
Muito satisfeito,Muito satisfeito,Muito satisfeito,Salgados deliciosos,Dorcas Salgados,Salgados,Cametá
Muito satisfeito,Muito satisfeito,Muito satisfeito,Sem comentário,Dorcas Salgados,Salgados,Cametá
Muito satisfeito,Muito satisfeito,Muito satisfeito,Sem comentário,Dorcas Salgados,Salgados,Cametá
Satisfeito,Satisfeito,Satisfeito,Sem comentário,Dorcas Salgados,Salgados,Cametá
Satisfeito,Satisfeito,Satisfeito,Sem comentário,Dorcas Salgados,Salgados,Cametá
Muito satisfeito,Muito satisfeito,Muito satisfeito,Sem comentário,Dorcas Salgados,Salgados,Cametá
Satisfeito,Satisfeito,Satisfeito,Sem comentário,Dorcas Salgados,Salgados,Cametá
Muito satisfeito,Neutro,Muito satisfeito,Sem comentário,Dorcas Salgados,Salgados,Cametá
Muito satisfeito,Muito satisfeito,Muito satisfeito,Sem comentário,Dorcas Salgados,Salgados,Cametá
Muito satisfeito,Muito satisfeito,Muito satisfeito,Sem comentário,Dorcas Salgados,Salgados,Cametá
Muito satisfeito,Muito satisfeito,Muito satisfeito,Sem comentário,Dorcas Salgados,Salgados,Cametá
Muito satisfeito,Muito satisfeito,Muito satisfeito,Sem comentário,Dorcas Salgados,Salgados,Cametá
Muito satisfeito,Muito satisfeito,Muito satisfeito,Sem comentário,Mix Bebidas Cametá,Bebidas,Cametá
Muito satisfeito,Muito satisfeito,Muito satisfeito,adorei perfeitooo,Mtacos Pereira,Tacos,Cametá
Muito satisfeito,Muito satisfeito,Muito satisfeito,Sem comentário,Mtacos Pereira,Tacos,Cametá
Muito satisfeito,Muito satisfeito,Muito satisfeito,Sem comentário,Mtacos Pereira,Tacos,Cametá
Muito satisfeito,Muito satisfeito,Muito satisfeito,Sem comentário,Ki Galeto ,Restaurante,Oeiras
Muito satisfeito,Muito satisfeito,Muito satisfeito,Sem comentário,Ki Galeto Ofc,Restaurante,Oeiras
Muito satisfeito,Muito satisfeito,Muito satisfeito,entregas super rápida  recomendo muitoooo,Distribuidora Black Beer,Bebidas,Oeiras
Muito satisfeito,Muito satisfeito,Satisfeito,entrega muito rápida  super qualidade,Distribuidora Black Beer,Bebidas,Oeiras
Satisfeito,Muito satisfeito,Muito satisfeito,Sem comentário,Hora Extra Delivery,Salgados/Doces,Cametá
Muito satisfeito,Muito satisfeito,Muito satisfeito,Sem comentário,Hora Extra Delivery,Salgados/Doces,Cametá
Muito satisfeito,Muito satisfeito,Muito satisfeito,os salgados tavam muito bons e bolo tbm  foi entregue rápido e tudo certinho,Hora Extra Delivery,Salgados/Doces,Cametá
Muito satisfeito,Muito satisfeito,Muito satisfeito,Sem comentário,Hora Extra Delivery,Salgados/Doces,Cametá
Neutro,Neutro,Neutro,Sem comentário,Hora Extra Delivery,Salgados/Doces,Cametá
Muito satisfeito,Muito insatisfeito,Muito insatisfeito,super deliciosa cremosa leve suculenta perfeita  vale a pena ,Lasanha na Marmita Bon Appétti,Restaurante,Cametá
Muito satisfeito,Muito satisfeito,Muito satisfeito,perfeito,Lasanha na Marmita Bon Appétti,Restaurante,Cametá
Muito satisfeito,Muito satisfeito,Muito satisfeito,Muito boa a lasanha quente e saborosa comprarei mais vezes amei e indico muito,Lasanha na Marmita Bon Appétti,Restaurante,Cametá
Muito satisfeito,Muito satisfeito,Muito satisfeito,quentinha e saborosa ,Lasanha na Marmita Bon Appétti,Restaurante,Cametá
Muito satisfeito,Muito satisfeito,Muito satisfeito,Sem comentário,Lasanha na Marmita Bon Appétti,Restaurante,Cametá
Muito satisfeito,Muito satisfeito,Muito satisfeito,Sem comentário,Lasanha na Marmita Bon Appétti,Restaurante,Cametá
Muito satisfeito,Muito satisfeito,Muito satisfeito,Sem comentário,Lasanha na Marmita Bon Appétti,Restaurante,Cametá
Muito satisfeito,Muito satisfeito,Muito satisfeito,Sem comentário,Lasanha na Marmita Bon Appétti,Restaurante,Cametá
Muito satisfeito,Muito satisfeito,Muito satisfeito,Sem comentário,Lasanha na Marmita Bon Appétti,Restaurante,Cametá
Muito satisfeito,Muito satisfeito,Muito satisfeito,Sem comentário,Lasanha na Marmita Bon Appétti,Restaurante,Cametá
Muito satisfeito,Muito satisfeito,Muito satisfeito,Sem comentário,Lasanha na Marmita Bon Appétti,Restaurante,Cametá
Muito satisfeito,Muito satisfeito,Muito satisfeito,Sem comentário,Lasanha na Marmita Bon Appétti,Restaurante,Cametá
Muito satisfeito,Muito satisfeito,Muito satisfeito,eu amei,Lasanha na Marmita Bon Appétti,Restaurante,Cametá
Muito satisfeito,Muito satisfeito,Muito satisfeito,Sem comentário,Lasanha na Marmita Bon Appétti,Restaurante,Cametá
Muito satisfeito,Muito satisfeito,Muito satisfeito,muito bom,Lasanha na Marmita Bon Appétti,Restaurante,Cametá
Muito satisfeito,Muito satisfeito,Muito satisfeito,Sem comentário,Lasanha na Marmita Bon Appétti,Restaurante,Cametá
Muito satisfeito,Muito satisfeito,Muito satisfeito,Sem comentário,Lasanha na Marmita Bon Appétti,Restaurante,Cametá
Muito satisfeito,Muito satisfeito,Muito satisfeito,Sem comentário,Lasanha na Marmita Bon Appétti,Restaurante,Cametá
Muito satisfeito,Muito satisfeito,Muito satisfeito,Sem comentário,Lasanha na Marmita Bon Appétti,Restaurante,Cametá
Muito satisfeito,Muito satisfeito,Muito satisfeito,muito bom,Lasanha na Marmita Bon Appétti,Restaurante,Cametá
Muito satisfeito,Muito satisfeito,Muito satisfeito,Sem comentário,Lasanha na Marmita Bon Appétti,Restaurante,Cametá
Muito satisfeito,Muito satisfeito,Muito satisfeito,Sem comentário,Lasanha na Marmita Bon Appétti,Restaurante,Cametá
Satisfeito,Muito satisfeito,Muito satisfeito,Sem comentário,Lasanha na Marmita Bon Appétti,Restaurante,Cametá
Satisfeito,Satisfeito,Satisfeito,Sem comentário,Lasanha na Marmita Bon Appétti,Restaurante,Cametá
Muito satisfeito,Muito satisfeito,Muito satisfeito,Lasanha mais top que já provei Além do sabor excepcional fiquei impressionado com a quantidade generosa de recheio em cada porção A entrega foi rápida e o pacote veio bem embalado garantindo que a lasanha chegasse quentinha e pronta para ser saboreada A embalagem também era prática permitindo que eu desfrutasse da lasanha sem sujeira ou dificuldades Com certeza voltarei a pedir,Lasanha na Marmita Bon Appétti,Restaurante,Cametá
Muito satisfeito,Muito satisfeito,Muito satisfeito,Sem comentário,Lasanha na Marmita Bon Appétti,Restaurante,Cametá
Muito satisfeito,Insatisfeito,Muito satisfeito,Sem comentário,Lasanha na Marmita Bon Appétti,Restaurante,Cametá
Muito satisfeito,Muito satisfeito,Muito satisfeito,Muito saborosa,Lasanha na Marmita Bon Appétti,Restaurante,Cametá
Muito satisfeito,Muito satisfeito,Muito satisfeito,Sem comentário,Lasanha na Marmita Bon Appétti,Restaurante,Cametá
Muito satisfeito,Muito satisfeito,Muito satisfeito,Sem comentário,Lasanha na Marmita Bon Appétti,Restaurante,Cametá
Muito satisfeito,Muito satisfeito,Muito satisfeito,Sem comentário,Lasanha na Marmita Bon Appétti,Restaurante,Cametá
Muito satisfeito,Muito satisfeito,Muito satisfeito,Sem comentário,Lasanha na Marmita Bon Appétti,Restaurante,Cametá
Muito satisfeito,Muito satisfeito,Muito satisfeito,Sem comentário,Lasanha na Marmita Bon Appétti,Restaurante,Cametá
Muito satisfeito,Muito satisfeito,Muito satisfeito,Sem comentário,Lasanha na Marmita Bon Appétti,Restaurante,Cametá
Muito satisfeito,Muito satisfeito,Muito satisfeito,Sem comentário,Lasanha na Marmita Bon Appétti,Restaurante,Cametá
Muito satisfeito,Neutro,Satisfeito,Sem comentário,Lasanha na Marmita Bon Appétti,Restaurante,Cametá
Muito satisfeito,Muito satisfeito,Muito satisfeito,Sem comentário,Cabanos Beer,Bebidas,Cametá
Muito satisfeito,Muito satisfeito,Muito satisfeito,o melhor da cidade ,Cabanos Beer,Bebidas,Cametá
Muito satisfeito,Muito satisfeito,Muito satisfeito,Sem comentário,Cabanos Beer,Bebidas,Cametá
Muito satisfeito,Muito satisfeito,Muito satisfeito,CERVEJA GELADA DEMAIS MELHOR NÃO TEM,Cabanos Beer,Bebidas,Cametá
Muito satisfeito,Muito satisfeito,Muito satisfeito,sinceramente é rápido demais preço muito em conta,Cabanos Beer,Bebidas,Cametá
Muito satisfeito,Muito satisfeito,Muito satisfeito,atendimento excelente super educados e atenciosos,Cabanos Beer,Bebidas,Cametá
Muito satisfeito,Muito satisfeito,Muito satisfeito,Cerveja muito gelada ainda tem brinde ,Cabanos Beer,Bebidas,Cametá
Muito satisfeito,Muito satisfeito,Muito satisfeito,Sem comentário,Cabanos Beer,Bebidas,Cametá
Muito satisfeito,Muito satisfeito,Muito insatisfeito,Sem comentário,Cabanos Beer,Bebidas,Cametá
Muito satisfeito,Muito satisfeito,Muito satisfeito,Sem comentário,Tropical Chopp Gourmet,Chopp ,Cametá
Muito satisfeito,Muito satisfeito,Muito satisfeito,Gostei muito entrega rápida e bom atendimento e qualidade,Panificadora Amaral,Panificadora,Oeiras
Muito satisfeito,Satisfeito,Muito satisfeito,Sem comentário,Panificadora Amaral,Panificadora,Oeiras
Satisfeito,Neutro,Satisfeito,Sem comentário,Panificadora Amaral,Panificadora,Oeiras
Muito satisfeito,Muito satisfeito,Muito satisfeito,Sem comentário,Panificadora Amaral,Panificadora,Oeiras
Muito satisfeito,Muito satisfeito,Muito satisfeito,Sem comentário,Panificadora Amaral,Panificadora,Oeiras
Satisfeito,Muito satisfeito,Satisfeito,Sem comentário,Panificadora Amaral,Panificadora,Oeiras
Neutro,Neutro,Muito satisfeito,Sem comentário,Panificadora Amaral,Panificadora,Oeiras
Muito satisfeito,Muito satisfeito,Muito satisfeito,Sem comentário,Açaí do Robson,Açaí,Cametá
Muito satisfeito,Muito satisfeito,Muito satisfeito,Sem comentário,Açaí do Robson,Açaí,Cametá
Muito satisfeito,Muito satisfeito,Muito satisfeito,Sem comentário,Açaí do Robson,Açaí,Cametá
Satisfeito,Neutro,Muito satisfeito,Sem comentário,Açaí do Robson,Açaí,Cametá
Muito satisfeito,Muito satisfeito,Muito satisfeito,Sem comentário,Açaí do Robson,Açaí,Cametá
Muito satisfeito,Muito satisfeito,Muito satisfeito,Sem comentário,Açaí do Robson,Açaí,Cametá
Muito satisfeito,Muito satisfeito,Muito satisfeito,Sem comentário,Açaí do Robson,Açaí,Cametá
Muito satisfeito,Muito satisfeito,Muito satisfeito,Sem comentário,Açaí do Robson,Açaí,Cametá
Muito satisfeito,Muito satisfeito,Muito satisfeito,Sem comentário,Açaí do Robson,Açaí,Cametá
Satisfeito,Satisfeito,Satisfeito,Sem comentário,Açaí do Robson,Açaí,Cametá
Muito satisfeito,Muito satisfeito,Muito satisfeito,Sem comentário,Açaí do Robson,Açaí,Cametá
Muito satisfeito,Muito satisfeito,Muito satisfeito,Sem comentário,Açaí do Robson,Açaí,Cametá
Muito satisfeito,Muito satisfeito,Muito satisfeito,Sem comentário,Açaí do Robson,Açaí,Cametá
Neutro,Neutro,Neutro,Sem comentário,Sushi House,Sushi,Oeiras
Muito satisfeito,Muito satisfeito,Muito satisfeito,Sem comentário,Sushi House,Sushi,Oeiras
Muito satisfeito,Muito satisfeito,Muito satisfeito,Sem comentário,Sushi House,Sushi,Oeiras
Muito satisfeito,Muito satisfeito,Muito satisfeito,Sem comentário,Sushi House,Sushi,Oeiras
Muito satisfeito,Muito satisfeito,Muito satisfeito,Sem comentário,Sushi House,Sushi,Oeiras
Muito satisfeito,Muito satisfeito,Muito satisfeito,Preço baixo e bom atendimento ,Delivery The Beer,Bebidas,Cametá
Muito satisfeito,Muito satisfeito,Muito satisfeito,rápido e prático ganhou uma cliente ,Delivery The Beer,Bebidas,Cametá
Muito satisfeito,Muito satisfeito,Muito satisfeito,Sem comentário,Delivery The Beer,Bebidas,Cametá
Muito satisfeito,Muito satisfeito,Muito satisfeito,Sem comentário,Delivery The Beer,Bebidas,Cametá
Muito satisfeito,Muito satisfeito,Muito satisfeito,Sem comentário,Delivery The Beer,Bebidas,Cametá
Muito satisfeito,Muito satisfeito,Muito satisfeito,Sem comentário,Lanches do Cazuza,Salgados,Baião
Muito satisfeito,Muito satisfeito,Muito satisfeito,Sem comentário,Rango Bom Refeições Delivery,Restaurante,Cametá
Muito satisfeito,Muito satisfeito,Muito satisfeito,Sem comentário,Rango Bom Refeições Delivery,Restaurante,Cametá
Muito insatisfeito,Muito insatisfeito,Muito insatisfeito,Sem comentário,Rango Bom Refeições Delivery,Restaurante,Cametá
Muito satisfeito,Muito satisfeito,Muito satisfeito,Sem comentário,Rango Bom Refeições Delivery,Restaurante,Cametá
Muito satisfeito,Muito satisfeito,Muito satisfeito,Sem comentário,Rango Bom Refeições Delivery,Restaurante,Cametá
Muito satisfeito,Muito satisfeito,Muito satisfeito,Sem comentário,Rango Bom Refeições Delivery,Restaurante,Cametá
Muito satisfeito,Muito satisfeito,Muito satisfeito,Sem comentário,Rango Bom Refeições Delivery,Restaurante,Cametá
Muito satisfeito,Muito satisfeito,Muito satisfeito,Sem comentário,Rango Bom Refeições Delivery,Restaurante,Cametá
Muito satisfeito,Muito satisfeito,Muito satisfeito,Sem comentário,Rango Bom Refeições Delivery,Restaurante,Cametá
Muito satisfeito,Muito satisfeito,Muito satisfeito,Sem comentário,Rango Bom Refeições Delivery,Restaurante,Cametá
Satisfeito,Muito satisfeito,Muito satisfeito,Sem comentário,Rango Bom Refeições Delivery,Restaurante,Cametá
Muito satisfeito,Muito satisfeito,Muito satisfeito,Meu primeiro pedido no app e no estabelecimento em questão Deveras satisfeito,Rango Bom Refeições Delivery,Restaurante,Cametá
Muito satisfeito,Muito satisfeito,Muito satisfeito,Sem comentário,Açaí da Amazônia,Açaí,Cametá
Muito satisfeito,Muito satisfeito,Muito satisfeito,Sem comentário,Açaí da Amazônia,Açaí,Cametá
Muito satisfeito,Muito satisfeito,Muito satisfeito,Sem comentário,Açaí da Amazônia,Açaí,Cametá
Muito satisfeito,Muito satisfeito,Muito satisfeito,Sem comentário,Açaí da Amazônia,Açaí,Cametá
Muito satisfeito,Satisfeito,Muito satisfeito,Sem comentário,Açaí da Amazônia,Açaí,Cametá
Muito satisfeito,Muito satisfeito,Muito satisfeito,Sem comentário,Açaí da Amazônia,Açaí,Cametá
Muito satisfeito,Muito satisfeito,Muito satisfeito,Sem comentário,Égua do Milkshake e da Coxinha,Milkshake/Salgados,Cametá
Muito satisfeito,Muito satisfeito,Muito satisfeito,Sem comentário,Égua do Milkshake e da Coxinha,Milkshake/Salgados,Cametá
Muito satisfeito,Muito satisfeito,Muito satisfeito,Sem comentário,Égua do Milkshake e da Coxinha,Milkshake/Salgados,Cametá
Muito insatisfeito,Muito insatisfeito,Muito insatisfeito,Sem comentário,Égua do Milkshake e da Coxinha,Milkshake/Salgados,Cametá
Muito satisfeito,Muito satisfeito,Muito satisfeito,Sem comentário,Égua do Milkshake e da Coxinha,Milkshake/Salgados,Cametá
Muito satisfeito,Muito satisfeito,Muito satisfeito,Sem comentário,Égua do Milkshake e da Coxinha,Milkshake/Salgados,Cametá
Muito insatisfeito,Muito insatisfeito,Muito insatisfeito,Sem comentário,Hortifruti Ana Raquel,Frutas/Legumes,Oeiras
Muito satisfeito,Muito satisfeito,Muito satisfeito,Sem comentário,Impérios Burguer,Lanches,Cametá
Muito satisfeito,Muito satisfeito,Muito satisfeito,Sem comentário,Impérios Burguer,Lanches,Cametá
Muito satisfeito,Muito satisfeito,Muito satisfeito,Sem comentário,Impérios Burguer,Lanches,Cametá
Muito satisfeito,Muito satisfeito,Muito satisfeito,muito gostoso o lanche,Impérios Burguer,Lanches,Cametá
Muito satisfeito,Satisfeito,Muito satisfeito,Sem comentário,Impérios Burguer,Lanches,Cametá
Muito satisfeito,Muito satisfeito,Muito satisfeito,Sem comentário,Impérios Burguer,Lanches,Cametá
Muito satisfeito,Muito satisfeito,Muito satisfeito,muito bom,Impérios Burguer,Lanches,Cametá
Muito satisfeito,Satisfeito,Muito satisfeito,Sem comentário,Impérios Burguer,Lanches,Cametá
Muito satisfeito,Satisfeito,Muito satisfeito,Sem comentário,Impérios Burguer,Lanches,Cametá
Muito satisfeito,Muito satisfeito,Muito satisfeito,Sem comentário,Impérios Burguer,Lanches,Cametá
Muito satisfeito,Muito satisfeito,Muito satisfeito,Sem comentário,Impérios Burguer,Lanches,Cametá
Muito satisfeito,Muito satisfeito,Muito satisfeito,Sem comentário,Impérios Burguer,Lanches,Cametá
Muito satisfeito,Muito satisfeito,Muito satisfeito,lanche de excelente qualidade,Impérios Burguer,Lanches,Cametá
Muito satisfeito,Satisfeito,Muito satisfeito,Sem comentário,Impérios Burguer,Lanches,Cametá
Muito satisfeito,Muito satisfeito,Muito satisfeito,Sem comentário,Impérios Burguer,Lanches,Cametá
Muito satisfeito,Satisfeito,Muito satisfeito,Sem comentário,Impérios Burguer,Lanches,Cametá
Insatisfeito,Muito insatisfeito,Muito insatisfeito,Demora na entrega Os pedidos não vieram identificados,Impérios Burguer,Lanches,Cametá
Muito satisfeito,Muito satisfeito,Muito satisfeito,Sem comentário,Impérios Burguer,Lanches,Cametá
Muito satisfeito,Muito satisfeito,Muito satisfeito,Sem comentário,Impérios Burguer,Lanches,Cametá
Muito satisfeito,Muito satisfeito,Muito satisfeito,Sem comentário,Impérios Burguer,Lanches,Cametá
Muito satisfeito,Neutro,Muito satisfeito,Sem comentário,Impérios Burguer,Lanches,Cametá
Muito satisfeito,Muito satisfeito,Muito satisfeito,Sem comentário,Impérios Burguer,Lanches,Cametá
Muito satisfeito,Neutro,Muito satisfeito,Sem comentário,Impérios Burguer,Lanches,Cametá
Muito satisfeito,Satisfeito,Muito satisfeito,Sem comentário,Impérios Burguer,Lanches,Cametá
Muito satisfeito,Muito satisfeito,Muito satisfeito,Sem comentário,Impérios Burguer,Lanches,Cametá
Muito satisfeito,Muito satisfeito,Muito satisfeito,Sem comentário,Impérios Burguer,Lanches,Cametá
Muito satisfeito,Muito satisfeito,Muito satisfeito,Sem comentário,Impérios Burguer,Lanches,Cametá
Muito satisfeito,Muito satisfeito,Muito satisfeito,muito bom,Impérios Burguer,Lanches,Cametá
Muito satisfeito,Muito satisfeito,Muito satisfeito,Sem comentário,Impérios Burguer,Lanches,Cametá
Muito satisfeito,Muito satisfeito,Muito satisfeito,Qualidade da comida excelente Para a primeira entrega no meu endereço foi bem rápida Foram super atenciosos,Restaurante Ki Delicia,Restaurante,Oeiras
Muito satisfeito,Satisfeito,Muito satisfeito,Sem comentário,Restaurante Ki Delicia,Restaurante,Oeiras
Muito satisfeito,Muito insatisfeito,Muito satisfeito,Sem comentário,Restaurante Ki Delicia,Restaurante,Oeiras
Muito satisfeito,Muito insatisfeito,Muito satisfeito,melhor de Baião cariocas ,Cariocas Burguer,Lanches,Baião
Muito satisfeito,Satisfeito,Muito satisfeito,Satisfeito com o atendimento,Restaurante e Pizzaria Terrazzo Palace,Restaurante,Cametá
Muito satisfeito,Muito satisfeito,Muito satisfeito,Sem comentário,Restaurante e Pizzaria Terrazzo Palace,Restaurante,Cametá
Satisfeito,Satisfeito,Satisfeito,Sem comentário,Restaurante e Pizzaria Terrazzo Palace,Restaurante,Cametá
Muito satisfeito,Muito satisfeito,Muito satisfeito,Sem comentário,Restaurante e Pizzaria Terrazzo Palace,Restaurante,Cametá
Muito satisfeito,Muito satisfeito,Muito satisfeito,Sem comentário,Restaurante e Pizzaria Terrazzo Palace,Restaurante,Cametá
Muito satisfeito,Muito satisfeito,Muito satisfeito,Sem comentário,Restaurante e Pizzaria Terrazzo Palace,Restaurante,Cametá
Muito satisfeito,Muito satisfeito,Muito satisfeito,Sem comentário,Restaurante e Pizzaria Terrazzo Palace,Restaurante,Cametá
Muito satisfeito,Muito satisfeito,Muito satisfeito,Sem comentário,Restaurante e Pizzaria Terrazzo Palace,Restaurante,Cametá
Muito satisfeito,Muito satisfeito,Muito satisfeito,Sem comentário,Restaurante e Pizzaria Terrazzo Palace,Restaurante,Cametá
Muito satisfeito,Muito satisfeito,Muito satisfeito,Sem comentário,Restaurante e Pizzaria Terrazzo Palace,Restaurante,Cametá
